layers: [6, 7, 5, 3] whole_dataset
Training Iteration: 100000
Learning Rate: 0.05

Total Error for each data:
-0.2815121984414549;7.586271608474054E-6;-0.14903054558943632;-0.4999989602280271;-0.14903259819859743;-0.49999937674810274;-0.14903272863906114;-0.499999593511042;-0.3757957278532021;-0.375785479033824;-0.5313270690119013;-0.4999866323212835;-0.5313257448365016;-0.49999020933257354;-0.5313236496818403;-0.4999899785487178;-0.7810056360050169;-0.499993271740557;-0.17636347054748075;-0.999998483374479

Mean of total Error: -0.4265741883685745
