layers: [6, 10, 15, 10, 7, 3] whole_dataset_layer_alternative
Training Iteration: 100000
Learning Rate: 0.05

Total Error for each data:
-0.17582504728752227;-0.1758192805338394;-0.3047488137496874;-0.1759696751514934;-0.3047474698869473;-0.1759689177461143;-0.30474706460805945;-0.17596928157157837;-0.17596678433286414;-0.17596842711968297;-0.3421672593015769;-0.21339246282980898;-0.3421702502208722;-0.21338989240158163;-0.34216542598030786;-0.21338888556126007;-0.21339091670579977;-0.21339123135750443;-0.3420098605156735;-0.21322954080160256

Mean of total Error: -0.23972132438318886
