layers: [6, 10, 15, 10, 7, 3] partial_dataset_layer_alternative
Training Iteration: 100000
Learning Rate: 0.05

Total Error for each data:
-0.5257166607594501;-0.010497227555180717;-0.2611926202282668;-1.0741362601401363E-4;-0.261186714340605;-1.0763774215698456E-4;-0.2611874828248522;-1.075770421274709E-4;-0.5198898022355581;-0.5021046271523566;-0.2980216360096766;-0.3661259765327137;-0.2980213775284118;-0.3661214929504962;-0.2980151801470588;-0.36612235494661305;-0.556718494971599;-5.945329613594976E-4;-0.2921944267152854;-0.4767356868600119

Mean of total Error: -0.2830384461564897
