layers: [6, 7, 5, 3] partial_dataset
Training Iteration: 100000
Learning Rate: 0.05

Total Error for each data:
-0.11821801139288154;-0.1182166210240063;-0.028880146363947843;-2.8906199556611562E-5;-0.028880220004954504;-0.6166709358719838;-0.028880526264045886;-2.57058301823656E-5;-0.2902548152504502;-0.6166615839603157;-0.5804344607179459;-0.007376282087254362;-0.17170752790848637;-0.007390920686423378;-0.38549719673311655;-0.007385041038464362;-0.08570358148936678;-0.00732954790785472;-0.04326258862759626;5.437283206352335E-6

Mean of total Error: -0.1571399591037813
