layers: [6, 10, 15, 10, 7, 3] partial_dataset_layer_alternative
Training Iteration: 100000
Learning Rate: 0.05

Total Error for each data:
3.645218276836882E-6;2.838710966612586E-6;3.851440223897579E-6;1.510498704397234E-6;9.75732788574411E-6;1.2863825614263018E-6;8.988843638505874E-6;1.3470825909399795E-6;1.9785827272859826E-6;2.7196636823117655E-6;4.91416333581185E-6;6.749553523592317E-6;5.172644600648368E-6;1.1233135741143212E-5;1.1370025953638674E-5;1.037113962426383E-5;3.3643515601521686E-6;8.995927146041003E-6;3.5982987279406878E-6;7.051306009066208E-6

Mean of total Error: 5.537214874012831E-6
