layers: [6, 7, 5, 3] whole_dataset
Total Error for each data:
0.3204738926214401;0.31714550436022027;0.43361268986268175;0.29323482492454334;0.441728851998314;0.3032485553569253;0.42868957486809833;0.2976526476551542;0.3194057848730165;0.3090719369306325;0.4534077844271658;0.34740585698184834;0.44320106773661205;0.3395792433348226;0.44720433582559993;0.35083503797031357;0.3294183785017073;0.34122527902058675;0.43028381451559916;0.30985374153534284

Mean of total Error: 0.3628339401650312
