layers: [9, 12, 15, 10, 5, 4] whole_dataset
Training Iteration: 100000
Learning Rate: 0.05

Total Error for each data:
-0.5265788359837079;-0.5043671973069627;-0.4284478276905634;-0.6704492019090926;-0.526578575501317;-0.5377192932097826;-0.3522073596581288;-0.7038027597236448;-0.5599342623096507;-0.5377187467992577;-0.3522076294136014;-0.7038024917745928;-0.559933968357331;-0.5377190497230022;-0.3522070933553093;-0.7038032467114674;-0.5599343679275179;-0.5377187446677212;-0.3522076842649149;-0.7038024008691725;-0.559934630475144;-0.5377182873712775;-0.35220700055263365;-0.7037978701386675;-0.5599334154030869;-0.35220621325837653;-0.35220681689466243;-0.5599345412216788;-0.5599348512765765;-0.3522071586635644;-0.35220690924205283;-0.5599347979778274;-0.5599346305805453;-0.3522072092330252;-0.35220715101063504;-0.5599347299185218;-0.5599345425197039;-0.35220648423473255;-0.35220676804719525;-0.5599333281673909;-0.5599330909034377;-0.3522063270316155;-0.352206490408766;-0.5599343517345845;-0.5599342368154916;-0.3522063971527248;-0.35220647089770785;-0.5599331972292128;-0.5599329567746901;-0.3522065931916772;-0.35220663284257864;-0.5599333212090123;-0.5599324328389892;-0.35220542083889417;-0.35220616557538237;-0.5599307182135701;-2.1820824184167915E-4;-0.6767711144098646;-0.2045177971149538;-0.6557531462538412;-0.5118832681357398;-0.6767728013561592;-0.20451978661488376;-0.6557543787510572;-0.5118821093744663;-0.6767715914431841;-0.2045198573451218;-0.6557545892073753;-0.5118833120335252;-0.5230256126622495;-0.1282724412455137;-0.6891005420770956;-0.5452348696996372;-0.4896709271309164;-0.20451918642651049;-0.6557544004548692;-0.5118833695669367;-0.4896703671699144;-0.2045199391953857;-0.6557541490050423;-0.5118832076134877;-0.4896714976017763;-0.20451982710762595;-0.6557544364967223;-0.5118829417406974;-0.523025066461406;-0.12827272737641526;-0.6891003574083084;-0.5452349361853549;-0.2045189603409632;-0.20451796563314792;-0.5118832826702254;-0.5118830843689455;-0.2045197759248258;-0.20451978935171353;-0.5118834369172737;-0.5118831486026396;-0.20451969823464217;-0.20451768078837948;-0.5118831941449745;-0.5118832679287239;-0.12827188399308076;-0.12827297155370398;-0.5452351058066788;-0.5452350054470929;-0.20451969175273593;-0.20451976933210705;-0.511883329925625;-0.5118834193673235;-0.20451984027347192

Mean of total Error: -0.4567777267478955
