layers: [9, 14, 20, 15, 10, 7, 4] partial_dataset_layer_alternative
Training Iteration: 100000
Learning Rate: 0.05

Total Error for each data:
-0.47795473449595977;-0.7554093098275261;-0.48284242523663257;-0.7505386598811538;-0.4779529706338171;-0.5561460905623961;-0.28359580610501384;-0.55124689556267;-0.2787186634432327;-0.5561549092761062;-0.28359591750684476;-0.5512494978962242;-0.2787199770452702;-0.5561534421634541;-0.2835955866461656;-0.5512251655477279;-0.27871952299097796;-0.5561524082541601;-0.2835955146041108;-0.55124173535682;-0.2787198793337765;-0.5561385404221898;-0.2835956846994713;-0.5512433486753109;-0.27872034847799004;-0.2835943008751242;-0.2835931231173605;-0.2787192446471099;-0.2787181313308726;-0.2835942915930531;-0.2835932735378639;-0.2787192670268869;-0.2787183910909985;-0.28359440828231464;-0.2835930750045394;-0.27871943710244257;-0.2787185578704002;-0.2835949233639185;-0.28359371649633075;-0.2787195045616697;-0.2787181456119252;-0.28359529306777465;-0.28359534588275204;-0.27872001536374763;-0.27872000014945536;-0.28359534886834487;-0.2835953047509631;-0.27871994473078393;-0.2787199392181923;-0.28359537991823386;-0.28359543992247815;-0.2787197634340116;-0.27872001680797415;-0.2835935702538243;-0.28359516266175594;-0.2787194349916704;-0.278720059718903;-0.8429607465463835;-0.5703923313204238;-0.8380878091739008;-0.5655166149197514;-0.84296385264287;-0.5703924705935386;-0.8380867762197954;-0.5655170089558782;-0.8429636938648446;-0.570392636832875;-0.8380884325531633;-0.5655171806318599;-0.64271928611537;-0.37113507625479664;-0.6387742988345068;-0.36625885524351265;-0.8429637299945245;-0.5703928729241751;-0.8380882458355372;-0.5655170659875836;-0.8429639788996901;-0.5703931183236545;-0.838088370631651;-0.565517128658475;-0.842963287503468;-0.5703931370467143;-0.8380877865566917;-0.5655171669003995;-0.6437015051419717;-0.3711305349162697;-0.6388263352939989;-0.3662587904526269;-0.5703930146080906;-0.5703931588950437;-0.5655164336398298;-0.5655172439891111;-0.570393085643949;-0.5703931587145229;-0.5655163752126698;-0.5655172465556232;-0.5703931180371737;-0.5703931590083584;-0.5655171719176579;-0.5655172107799387;-0.37113471432413003;-0.3711348104647372;-0.3662588091715057;-0.3662590213946329;-0.5703928964344066;-0.5703931468347023;-0.565517086162485;-0.5655168397026356;-0.5703931120896428

Mean of total Error: -0.47602981622954926
