layers: [9, 12, 15, 10, 5, 4] whole_dataset
Training Iteration: 10
Learning Rate: 0.05
Total Error for each data:
0.41270584933178966;0.7435851696627269;0.48348611392913743;0.5493240063450109;0.4318105057107519;0.32196128237784805;0.0686430103322496;0.19709536820999732;0.10938062511507476;0.36065291119937015;0.14946685275177374;0.29040017916237887;0.23245497703169374;0.33105260235010925;0.10878681377171726;0.23235578216856503;0.21361556970857223;0.29677425548154246;0.08804531521869302;0.20671692564003227;0.16936169166299514;0.2852484922120596;0.07480938076563279;0.20378965731954068;0.14756551324827386;0.1555711017914336;0.21642408512926894;0.10983434817898652;0.17623019727428835;0.09646800041688255;0.17136949912955896;0.10948406329831731;0.16244532990935828;0.07477733249217165;0.11110860075748843;0.10929164366755267;0.13996039935902016;0.06247549259077673;0.08032886154097675;0.10913662899661045;0.12852964945554918;0.1354040698763766;0.2589188033708293;0.1249716594804319;0.23289670837180781;0.08571321054395133;0.25178475743138773;0.11287312140057504;0.23756487666505627;0.06295835165842839;0.21165577958380105;0.10960827753388408;0.22652422557849028;0.054133633181710765;0.20868101125100844;0.10908796640427161;0.23197063530285866;0.4116631602936898;0.09848708881354237;0.37161183446328777;0.09721948172345762;0.4815477759089276;0.11102225745071242;0.4096914445174401;0.09774624371885662;0.47693786664200527;0.11072081486177786;0.41465002149917585;0.10200748509241472;0.5098083879468671;0.17131480604469837;0.4711068832845656;0.288266022643707;0.4340461454650323;0.10886202444975646;0.34821462075073795;0.0972892411857397;0.44409988031420167;0.11609470027572172;0.36755395034832117;0.09450278974605222;0.4522049597619958;0.11741798189686244;0.4226813365545541;0.10097683103180966;0.5229505328377977;0.15384498790848725;0.47525755642748824;0.31135101532690473;0.142397541979807;0.10258215923812541;0.10565942907242247;0.09381464796459897;0.1402354400251495;0.12226313027897952;0.10616577471344299;0.09424000787669182;0.17488251343175032;0.11597630142386554;0.10663195921935886;0.09922387301250166;0.12805149838591592;0.18571602887723837;0.30815333457389693;0.374197756179691;0.13882740665202706;0.1155561946168625;0.10120600775582216;0.09434087750031014;0.15044085541599028

Mean of total Error: 0.21426349127010622
