layers: [9, 12, 15, 10, 5, 4] partial_dataset
Training Iteration: 100000
Learning Rate: 0.05

Total Error for each data:
0.2861186629478398;0.6923652142422668;0.4825382495667463;0.5352832908760708;0.2861186629478398;0.7609981802823953;0.5511712156068748;0.44081704362071283;0.19165246618640333;1.1791281872535175;0.8707279874838112;0.44081704362071283;0.19165243087759265;0.7609981802823953;0.5511712156068748;0.44081704362071283;0.19165246618640333;0.7609981802823953;0.5511712156068748;0.44081704362071283;0.19165246618640333;0.7609981802823953;0.5511712156068748;0.44081704362071283;0.19165243087759265;0.8707279874838112;0.8707279874838112;0.19165243087759265;0.19165243087759265;0.8707279874838112;0.8707279874838112;0.19165243087759265;0.19165243087759265;0.8707279874838112;0.8707279874838112;0.19165243087759265;0.19165243087759265;0.5511712156068748;0.5511712156068748;0.19165246618640333;0.19165246618640333;0.8707279874838112;0.8707279874838112;0.19165243087759265;0.19165243087759265;0.8707279874838112;0.8707279874838112;0.19165243087759265;0.3707279877144399;0.8707279874838112;0.8707279874838112;0.19165243087759265;0.19165243087759265;0.49211038576414323;0.8707279874838112;0.19165243087759265;1.0475931920836323;1.0892066067630908;0.14900013506540702;0.5892066069937196;0.28080640722401323;0.3588270997409275;0.14900013506540702;0.5892066069937196;0.28080640722401323;0.3588270997409275;0.14900013506540702;0.5892066069937196;0.28080640722401323;0.427460065781056;0.2176331011055355;0.39881556965762993;0.09041536865771274;1.0892066067630908;0.14900013506540702;0.5892066069937196;0.28080640722401323;0.3588270997409275;0.14900013506540702;0.5892066079438256;0.28080640722401323;0.3588270997409275;0.14900013506540702;0.5892066069937196;0.28080640722401323;0.427460065781056;0.2176331011055355;0.39881556965762993;0.09041536865771274;0.14900013506540702;0.14900013506540702;0.28080640722401323;0.28080640722401323;0.14900013506540702;0.14900013506540702;0.28080640722401323;0.28080640722401323;0.14900013506540702;0.14900013506540702;0.28080640722401323;0.28080640722401323;0.2176331011055355;0.2176331011055355;0.09041536865771274;0.09041536865771274;0.14900013506540702;0.14900013506540702;0.28080640722401323;0.28080640722401323;0.14900013506540702

Mean of total Error: 0.4178061398792048
