layers: [5, 8, 10, 5, 3] partial_dataset_layer_alternative
Training Iteration: 100000
Learning Rate: 0.05

Total Error for each data:
2.82619730785767E-5;-2.0977652289145657E-4;-6.435274275864498E-5;-0.500165961355473;-3.138435974816809E-5;-3.138473905181888E-5;-3.11418863302775E-5;-3.026194892378225E-5;-3.140435036352104E-5

Mean of total Error: -0.05561860065916244
