layers: [5, 5, 3] whole_dataset
Training Iteration: 100000
Learning Rate: 0.05

Total Error for each data:
-1.1102469373640514E-4;2.4556886915876746E-5;-6.181845684193383E-8;-4.428191745132641E-6;-3.735383536199995E-7;-4.049910465982556E-7;1.7545292486082265E-6;-5.599841282077003E-7;-3.5621004686146993E-7

Mean of total Error: -1.0099779038798023E-5
