layers: [5, 5, 3] partial_dataset
Training Iteration: 100000
Learning Rate: 0.05

Total Error for each data:
-3.028812988481363E-5;-3.841202869457323E-5;-5.60042620678137E-5;4.987500634503346E-4;-5.658755805372544E-6;5.25062542317347E-7;-2.1334141426144514E-5;-6.734711959552079E-6;3.1375142358772696E-5

Mean of total Error: 4.135758205701721E-5
