layers: [5, 5, 3] partial_dataset
Training Iteration: 100000
Learning Rate: 0.05

Total Error for each data:
1.5682403341632116E-4;2.4033458182841063E-4;1.3239818800330616E-4;1.0730646958095369E-4;6.208859890323475E-6;6.467280784255489E-6;4.594503889722243E-5;9.185413144649238E-6;6.316541770597934E-6

Mean of total Error: 7.899848970178225E-5
