layers: [5, 5, 3] partial_dataset
Training Iteration: 100000
Learning Rate: 0.05

Total Error for each data:
1.2653590353150753E-4;2.019225531338374E-4;7.639392593549246E-5;6.060565330312883E-4;5.501040849509309E-7;6.992343326572836E-6;2.461089747107792E-5;2.4507011850971594E-6;3.769168412937063E-5

Mean of total Error: 1.2035607175879946E-4
