layers: [5, 8, 10, 5, 3] partial_dataset_layer_alternative
Training Iteration: 100000
Learning Rate: 0.05

Total Error for each data:
4.438743204777636E-5;2.8274210429605938E-5;1.4972899043656448E-5;2.383562427455471E-5;4.87408090776853E-7;4.870287870772927E-7;7.43704761774211E-7;1.623642168269157E-6;4.6741747539158496E-7

Mean of total Error: 1.2808818564320283E-5
