layers: [5, 5, 3] whole_dataset
Training Iteration: 100000
Learning Rate: 0.05

Total Error for each data:
1.0957875225654085E-4;4.6816957289651595E-5;1.7445383473301788E-6;1.2645040900958728E-6;8.007187801695181E-9;2.6141437459159533E-8;1.3116421390790833E-5;9.485610394932564E-7;3.561870620671925E-8

Mean of total Error: 1.9282166860596686E-5
