layers: [5, 8, 10, 5, 3] whole_dataset_layer_alternative
Training Iteration: 100000
Learning Rate: 0.05

Total Error for each data:
0.05543053153096199;0.7821550281850761;0.13498998037742163;1.0670710833626953;0.050340363129185654;0.050340363129185654;0.050340363129185654;0.050340363129185654;0.050340363129185654

Mean of total Error: 0.2545942710113426
