layers: [8, 15, 20, 25, 17, 10, 4, 2] partial_dataset_layer_alternative
Training Iteration: 100000
Learning Rate: 0.05

Total Error for each data:
-0.030930871065221285;-0.030930883275906693;-0.030930886188675615;-0.03093088442826749;-0.03093078616392583;-0.03093086628718282;-0.03093087678562375;-0.03093088053708452;-0.03093088941994354;-0.03093089655549107;-0.03093088278253251;-0.03093088394622592;-0.03093089011088288;-0.030930901526112598;-0.030930876352456938;-0.03093088040947012;-0.030930855107631456;-0.030930836086554652;-0.03093087180506972;-0.030930869451196535;-0.030930862333141625;-0.03093086847670929;-0.03093086985221156;-0.030930880353813434;-0.03093087398521746;-0.030930880453881454;-0.0309308792169532;-0.030930877296382154;-0.030930875757782163;-0.030930884843422313;-0.03093086825362604;-0.030930879305796775;-0.6791669717332258;-0.6791668955533954;-0.35502904924439965;-0.6791669152963227;-0.3550384693000936;-0.3550685920845311;-0.030930560545933912;-0.6791670936345149;-0.3520348065151807;-0.3550686309287548;-0.030930788224466182;0.1397704537793399;-0.030930860574562586;-0.030930413579033634;-0.030930886271796496;-0.6791661967991356;-0.1821600695469764;-0.6791665919178786;-0.3550289992106085;-0.3550224803825429;-0.03092995901568306;-0.03092726852858969;-0.03093039200304504;-0.6791667946379949

Mean of total Error: -0.15207280714578075
