layers: [8, 10, 6, 4, 2] partial_dataset
Training Iteration: 100000
Learning Rate: 0.05

Total Error for each data:
-0.37755790558136165;-0.37755790825886026;-0.37755790680075596;-0.37755790506802417;-0.3775579066861712;-0.3775579081506168;-0.3775579064098501;-0.3775579002270768;-0.37755790822887053;-0.3775579082514739;-0.37755790753609203;-0.3775579078869014;-0.004110622500835356;-0.004110623217794751;-0.007890976219480218;-0.007890976301932537;-0.37755790598332534;-0.3775579074146634;-0.37755790722903726;-0.3775579081518327;-0.3775579068437482;-0.3775579074539972;-0.3775579073671589;-0.37755790763681457;-0.37755790718583243;-0.37755790649240434;-0.37755790623604496;-0.3775579072079558;-0.004110622923019487;-0.00411062293645394;-0.00789097595139646;-0.1700070269874214;-0.15814817452451377;-0.15814825599323176;-0.19157077454152927;-0.15814852696895362;-0.3441305072317346;-0.34413024872808073;-0.3775579033976112;-0.15814836970335752;-0.3441308271243151;-0.3441288085425229;-0.37749938963053065;-0.3822046827868476;-0.007890975335744586;-0.007890969917823148;-0.00789097246451075;-0.157992284595145;-0.158145663066768;-0.15814694678120764;-0.1915746414122638;-0.19115934665375167;-0.3775579049396764;-0.37755790360918434;-0.3775579079185799;-0.15814823279841148

Mean of total Error: -0.2639459362498839
