layers: [8, 15, 20, 25, 17, 10, 4, 2] whole_dataset_layer_alternative
Training Iteration: 100000
Learning Rate: 0.05

Total Error for each data:
-0.03453149518110819;-0.034531512259439734;-0.0345314972427722;-0.03453147342547414;-0.034531366145189306;-0.03453151787676358;-0.034531515728067445;-0.034531515703200295;-0.03453149376727321;-0.03453153260140952;-0.03453152755619039;-0.034531535248781005;-0.03453150255655792;-0.03453153151713585;-0.03453153048601298;-0.03453153769757623;-0.0345315304346722;-0.034531535440188624;-0.03453152701578258;-0.03453153411423654;-0.03453153045434974;-0.03453153848481307;-0.034531536085774486;-0.03453153788170129;-0.03453153306666271;-0.0345315373500692;-0.034531537925138876;-0.03453153900020986;-0.034531532590040805;-0.034531538384569765;-0.03453153811251133;-7.520761763632139E-6;-0.6628748617309348;-0.6628749089482262;-0.3487499311685731;-0.662874790846639;-0.3486543139732825;-0.3486542777071474;-0.034531487196505936;-0.6628749248561145;-0.3486542826118323;-0.3486539110819894;-0.03453112793473488;-0.34874188994827016;-0.03453144945903143;-0.03453138450984064;-0.034531537944560514;-0.6628749067952817;-0.6628746027091033;-0.6628745531538989;-0.34874989758604125;-0.34874877627385065;-0.034530707260816806;-7.483654982784787E-6;-0.034531464603116006;-0.662874915841775

Mean of total Error: -0.1679431610694998
