layers: [8, 15, 20, 25, 17, 10, 4, 2] whole_dataset_layer_alternative
Training Iteration: 100000
Learning Rate: 0.05

Total Error for each data:
5.539510409141513E-7;5.368727093719628E-7;5.518893769034275E-7;5.757066749647385E-7;6.829869597973758E-7;5.312553855200241E-7;5.334040816601117E-7;5.334289488102715E-7;5.553648758969704E-7;5.165307395840471E-7;5.21575958715218E-7;5.138833680999671E-7;5.46575591186028E-7;5.176150132559546E-7;5.186461361283352E-7;5.114345728824522E-7;5.18697476910359E-7;5.136919604836826E-7;5.221163665234609E-7;5.150179125658344E-7;5.186777993634718E-7;5.106473360365002E-7;5.130463746192611E-7;5.112504478138312E-7;5.160654863901989E-7;5.117820799103259E-7;5.112070102312524E-7;5.101319392483452E-7;5.165421083003089E-7;5.107475793416953E-7;5.110196377769412E-7;5.093928247468704E-7;1.1810329016981314E-6;1.1338156102880248E-6;2.743354372596416E-6;1.251917197464536E-6;1.1033997573928507E-6;1.139665892517176E-6;5.619356431704384E-7;1.117907721948086E-6;1.1347612075866636E-6;1.5062910504738377E-6;9.21197414222321E-7;1.0784574675543057E-5;5.996731176756961E-7;6.646223084656155E-7;5.111875885944229E-7;1.135968554777378E-6;1.4400547332371616E-6;1.4896099376215943E-6;2.7769369044913957E-6;3.898249095089725E-6;1.3418713322997798E-6;5.464996055942234E-7;5.845290331008785E-7;1.126922061445157E-6

Mean of total Error: 1.0288773837722846E-6
