layers: [8, 10, 6, 4, 2] partial_dataset
Training Iteration: 100000
Learning Rate: 0.05

Total Error for each data:
2.8626054576630956E-9;1.8510680258958053E-10;1.6432111034506926E-9;3.3759429211033167E-9;1.7577959023115389E-9;2.933502822177693E-10;2.0341169931396778E-9;8.216890297936662E-9;2.1509656778166914E-10;1.9249318741313818E-10;9.078750464890001E-10;5.570656664014649E-10;1.6060244255641715E-9;8.890650307095999E-10;7.934741328314875E-10;7.110218148745546E-10;2.460641738758333E-9;1.0293036941766833E-9;1.2149298172031523E-9;2.9213435921165064E-10;1.6002188860947913E-9;9.89969859746987E-10;1.076808204051703E-9;8.071525007562981E-10;1.2581346302190019E-9;1.9515627188654204E-9;2.2079221499409127E-9;1.2360113112747403E-9;1.183840295164509E-9;1.170405841471055E-9;1.061557892073957E-9;1.0144697388555503E-9;6.22381103099201E-7;5.4091238510523E-7;5.038068838000582E-6;2.6993666324415244E-7;3.85507482108528E-7;6.440111359632208E-7;5.046355863019348E-9;4.272022593454494E-7;6.561490162125685E-8;2.0841966937729477E-6;5.8518813436414836E-5;6.78370707949405E-5;1.6772097647345399E-9;7.095131203412875E-9;4.548443601534245E-9;1.5651231047186798E-4;3.1338388488677538E-6;1.8501244092306024E-6;1.1711981034758228E-6;4.16465956615604E-4;3.5042907060575457E-9;4.8347827463293655E-9;5.253871990494097E-10;5.641072053919061E-7

Mean of total Error: 1.2789379984793008E-5
