layers: [8, 15, 20, 25, 17, 10, 4, 2] whole_dataset_layer_alternative
Training Iteration: 100000
Learning Rate: 0.05

Total Error for each data:
0.034532049132149106;0.034532049132149106;0.034532049132149106;0.034532049132149106;0.034532049132149106;0.034532049132149106;0.034532049132149106;0.034532049132149106;0.034532049132149106;0.034532049132149106;0.034532049132149106;0.034532049132149106;0.034532049132149106;0.034532049132149106;0.034532049132149106;0.034532049132149106;0.034532049132149106;0.034532049132149106;0.034532049132149106;0.034532049132149106;0.034532049132149106;0.034532049132149106;0.034532049132149106;0.034532049132149106;0.034532049132149106;0.034532049132149106;0.034532049132149106;0.034532049132149106;0.034532049132149106;0.034532049132149106;0.034532049132149106;8.03015458837901E-6;0.6628760427638365;0.6628760427638365;0.3487526745229457;0.6628760427638365;0.3486554173730399;0.3486554173730399;0.034532049132149106;0.6628760427638365;0.3486554173730399;0.3486554173730399;0.034532049132149106;0.3487526745229457;0.034532049132149106;0.034532049132149106;0.034532049132149106;0.6628760427638365;0.6628760427638365;0.6628760427638365;0.3487526745229457;0.3487526745229457;0.034532049132149106;8.03015458837901E-6;0.034532049132149106;0.6628760427638365

Mean of total Error: 0.16794418994688357
