layers: [8, 15, 20, 25, 17, 10, 4, 2] partial_dataset_layer_alternative
Training Iteration: 100000
Learning Rate: 0.05

Total Error for each data:
2.924402451079827E-6;2.9121917656752474E-6;2.9092789967516234E-6;2.9110394048772745E-6;3.0093037465376325E-6;2.92918048954606E-6;2.9186820486165762E-6;2.91493058784728E-6;2.906047728825108E-6;2.898912181298022E-6;2.912685139856116E-6;2.9115214464455856E-6;2.905356789486964E-6;2.8939415597685617E-6;2.9191152154268372E-6;2.9150582022480062E-6;2.9403600409112725E-6;2.9593811177157145E-6;2.923662602643269E-6;2.9260164758317196E-6;2.9331345307395195E-6;2.926990963074318E-6;2.925615460804472E-6;2.915113858930869E-6;2.921482454904994E-6;2.9150137909119236E-6;2.9162507191670226E-6;2.9181712902122378E-6;2.919709890201318E-6;2.9106242500540943E-6;2.9272140463253128E-6;2.9161618755925677E-6;6.706307846826576E-6;6.78248767727041E-6;4.323852116357407E-6;6.762744749977401E-6;3.563111213540681E-5;5.508327697861917E-6;3.2349217384532126E-6;6.5844065577636E-6;0.0030392938970482675;5.469483474170581E-6;3.0072432061847442E-6;0.4948038268758559;2.9348931097809114E-6;3.3818886387311663E-6;2.9091958758685713E-6;7.481241937057348E-6;0.49701360849409626;7.086123194000038E-6;4.3738859075377655E-6;1.0892713973112162E-5;3.836451989307026E-6;6.526939082676983E-6;3.4034646273246468E-6;6.883403077750927E-6

Mean of total Error: 0.01776953458762029
