layers: [5, 5, 6] whole_dataset
Training Iteration: 100000
Learning Rate: 0.05

Total Error for each data:
-2.942842991404711E-4;-2.510013825495627E-4;-6.500726582962094E-5;1.6703518945370723E-4;-1.0967434833725011E-4;-6.91243372441893E-4;2.7326909672812207E-4;0.49917434677665873;0.49515946663153326;-2.167973933820277E-4;3.694520496156438E-5;-6.203585710753601E-6;-8.386088011049879E-5;5.522424770013518E-5;9.515678898479676E-6;-1.293009108254789E-6;-3.474850459617089E-4

Mean of total Error: 0.058400526602550705
