layers: [5, 5, 6] whole_dataset
Training Iteration: 100000
Learning Rate: 0.05

Total Error for each data:
1.0289604441014372E-4;5.140987509804727E-5;9.624796679818325E-5;3.200547288425089E-4;1.1486145319744412E-5;2.696568017736188E-4;3.1613053856309405E-4;0.5000146399647198;0.500032601751851;2.7258726576562253E-4;4.7696839631572574E-5;5.0674488695331763E-5;5.632181937258403E-5;1.7817676454612297E-4;2.821718640616828E-4;1.7129717040833325E-4;7.853432650524814E-5

Mean of total Error: 0.058961916726844865
