layers: [5, 9, 15, 20, 12, 8, 6] whole_dataset_layer_alternative
Training Iteration: 100000
Learning Rate: 0.05

Total Error for each data:
-0.43287609932703497;-0.6365304279930238;-0.5148972480052841;-0.5145381788927347;-0.5145395734237752;-0.6365486380410814;-0.38224393919360544;-0.38191077829719666;-0.38189088660723775;-1.2032344210626447;-0.5145272721496571;-0.5148967557693245;-0.5148941230325531;-1.2032343402953816;-0.9489242590508687;-0.43287815830569765;-0.43288041592787607

Mean of total Error: -0.5977320891397045
