layers: [3, 6, 7] partial_dataset
Training Iteration: 100000
Learning Rate: 0.05

Total Error for each data:
2.2845316548960768E-4;3.812260819330515E-4;4.8109445006965965E-4;4.42980046196912E-4

Mean of total Error: 3.8343843592230774E-4
