layers: [3, 6, 10, 15, 10, 8] whole_dataset_layer_alternative
Training Iteration: 100000
Learning Rate: 0.05

Total Error for each data:
1.795837121847225E-5;1.957043381403232E-5;7.696288623386437E-5;1.0250494116257736E-4

Mean of total Error: 5.4249158107236574E-5
