layers: [9, 15, 20, 17, 10] whole_dataset_layer_alternative
Training Iteration: 100000
Learning Rate: 0.05

Total Error for each data:
-0.4194678183774276;-0.919296166141253;-1.2861543823943598;-0.24457646639056002;-1.9715754686317848;-0.24457667690167292;-0.2921898665513751;-0.24457663426916754;-0.2921895613269154;-1.4397618912223482;-0.04926772244525407;-0.5653519115261054;-2.035252002844486;-1.5916959522136098;-0.49916470592321716;-1.5916959870951548;-0.600189243322159;-0.998577208548521;-0.7011281570179339;-0.3225399164593113;-0.5608435531856039;-0.3225388114430519;-0.5608424063662861;-0.32253890804477875;-0.5608418782051801;-0.18653903916098166;-0.2324746243873792;-0.41946992078494044;-0.4194697779787593;-0.41946967823649844;-0.41946972656869697;-0.41946981328146465;-0.41946985494953415;-0.9192941470862207;-1.2861539576843215;-0.40791765208602043;-0.4079128192383159;-0.4079156073713021;-0.4079155341726904;-0.40791601264232785;-0.40791581267893473;-0.25411373126786446;-0.1281680688065267;-0.3309161712273329;-0.3309170525297111;-0.33091209932194243;-0.33091561538744024;-0.330912074916063;-0.33091482075489154;-0.7486234507947124;-6.649387050197596E-4;-0.40791716525151134;-0.40791682370254;-0.4079164120717968;-0.4079168607588049;-0.4079162556576869;-0.5019192854372613;-0.9077428180653178;-1.759567192659019;-0.9188252560689846;-0.8858133457383721;-0.9188277085474306;-0.8858137166851343;-0.9188276498061271;-1.4186515625524143;-1.7855121214626268;-0.32485590934578285;-0.32485608544580336;-1.439765894732045;-0.32485436556295477;-1.4397649272284043;-0.3248559899035494;-0.7144736592058283;-1.1082062864847249;-0.8250186975146323;-0.8250203108358839;-0.825019334302684;-0.8250198468638767;-1.2656591461921576;-1.2656611116683505;-0.8668344591720165;-0.9016637838296695;-0.3248560371649706;-0.31552736052688674;-0.3248555173221512;-0.31552712609219474;-0.3155268935752998;-0.31552722008612916;-1.15653818009295;-1.4017887450238014;-0.918827678895363;-0.918825648632274;-0.9188274145281778;-0.918827684329827;-0.9188276753394173;-0.9188267244690327;-1.4186520919175585;-1.7855089891634528;-0.6175282510622407;-0.9072739926923952;-0.6175292790695341;-0.9072745200786303;-0.6175292575820623;-0.6175299107660316;-1.4070993428285066;-1.7739577922135705;-0.4465140544173288;-0.4465270557661855;-0.4465233140632506;-0.4465255224419129

Mean of total Error: -0.7120396596523815
