layers: [9, 15, 20, 17, 10] partial_dataset_layer_alternative
Training Iteration: 100000
Learning Rate: 0.05

Total Error for each data:
2.0652666212859234;1.0652666212859236;1.3283167731538157;2.3018759131151802;2.564926064983072;2.3018759131151802;2.564926064983072;2.3018759131151802;2.564926064983072;1.8018759131151802;2.064926064983072;1.8018759131156792;2.0649260649835712;1.8018759131156792;2.0649260649835712;1.8018759131156792;2.0649260649835712;1.3018759131156792;1.5649260649835712;2.3018759131151802;2.564926064983072;2.3018759131151802;2.564926064983072;2.3018759131151802;2.564926064983072;1.8018759131151802;2.064926064983072;2.0652666212859234;2.0652666212859234;2.0652666212859234;2.0652666212859234;2.0652666212859234;2.0652666212859234;1.0652666212859236;1.3283167731538157;2.0652666212856357;2.0652666212856357;2.0652666212856357;2.0652666212856357;2.0652666212856357;2.0652666212856357;1.0652666212856357;1.3283167731535277;1.5652666212861348;1.5652666212861348;1.5652666212861348;1.5652666212861348;1.5652666212861348;1.5652666212861348;0.5652666212861348;0.8283167731540267;2.0652666212856357;2.0652666212856357;2.0652666212856357;2.0652666212856357;2.0652666212856357;2.0652666212856357;1.0652666212856357;1.3283167731535277;1.9944616293428066;1.9944616293428066;1.9944616293428066;1.9944616293428066;1.9944616293428066;0.9944616293428066;1.2575117812106984;2.231070921172063;2.231070921172063;2.231070921172063;2.231070921172063;2.231070921172063;2.231070921172063;1.231070921172063;1.494121073039955;1.7310709211725621;1.7310709211725621;1.7310709211725621;1.7310709211725621;1.7310709211725621;1.7310709211725621;0.7310709211725621;0.994121073040454;2.231070921172063;2.231070921172063;2.231070921172063;2.231070921172063;2.231070921172063;2.231070921172063;1.231070921172063;1.494121073039955;1.9944616293428066;1.9944616293428066;1.9944616293428066;1.9944616293428066;1.9944616293428066;1.9944616293428066;0.9944616293428066;1.2575117812106984;1.9944616293425184;1.9944616293425184;1.9944616293425184;1.9944616293425184;1.9944616293425184;1.9944616293425184;0.9944616293425185;1.2575117812104104;1.4944616293430173;1.4944616293430173;1.4944616293430173;1.4944616293430173

Mean of total Error: 1.8361424841192902
