layers: [9, 15, 20, 17, 10] whole_dataset_layer_alternative
Training Iteration: 100000
Learning Rate: 0.05

Total Error for each data:
0.41947077147730283;0.9192967933033143;1.2861559723869256;0.24457720474074968;1.9715764511677891;0.24457720474074968;0.2921909830064988;0.24457720474074968;0.2921909830064988;1.4397683650492619;0.049268614563199;0.5653548444764889;2.035253174532106;1.5916969682652662;0.49916704712763416;1.5916969682652662;0.6001927570039681;0.9985950664550853;0.7011318481237008;0.32254046009066145;0.5608444385614539;0.32254046009066145;0.5608444385614539;0.32254046009066145;0.5608444385614539;0.18654811554694492;0.23247533429683637;0.41947077147730283;0.41947077147730283;0.41947077147730283;0.41947077147730283;0.41947077147730283;0.41947077147730283;0.9192967933033143;1.2861559723869256;0.40791823806171645;0.40791823806171645;0.40791823806171645;0.40791823806171645;0.40791823806171645;0.40791823806171645;0.2541151763689985;0.12817195145318597;0.33091794926765467;0.33091794926765467;0.33091794926765467;0.33091794926765467;0.33091794926765467;0.33091794926765467;0.7486271479568953;6.691260738283891E-4;0.40791823806171645;0.40791823806171645;0.40791823806171645;0.40791823806171645;0.40791823806171645;0.5019209464931114;0.9077442598877279;1.7595678813442455;0.9188279268988785;0.8858139596411074;0.9188279268988785;0.8858139596411074;0.9188279268988785;1.4186539487248901;1.7855131278085015;0.32485659273943185;0.32485659273943185;1.4397670656837644;0.32485659273943185;1.4397670656837644;0.32485659273943185;0.7144751624952596;1.1082132046975024;0.8250217828318971;0.8250217828318971;0.8250217828318971;0.8250217828318971;1.265663281816427;1.265663281816427;0.8668370520463665;0.9016749645738458;0.32485659273943185;0.3155278838184017;0.32485659273943185;0.3155278838184017;0.3155278838184017;0.3155278838184017;1.1565402678051304;1.4017955098979076;0.9188279268988785;0.9188279268988785;0.9188279268988785;0.9188279268988785;0.9188279268988785;0.9188279268988785;1.4186539487248901;1.7855131278085015;0.6175310747011273;0.9072753934832921;0.6175310747011273;0.9072753934832921;0.6175310747011273;0.6175310747011273;1.4071014153093038;1.773960594392915;0.44652807747567064;0.44652807747567064;0.44652807747567064;0.44652807747567064

Mean of total Error: 0.7120419769638059
