layers: [8, 10, 15, 17, 13, 9] whole_dataset_layer_alternative
Training Iteration: 100000
Learning Rate: 0.05

Total Error for each data:
-0.8611429235900512;-0.8611439362227685;-1.1174785384366615;-0.9727231651128928;-0.9727235921869016;-0.97272403146281;-1.1174781881613476;-0.8611423525107091;-0.8611427724633811;-0.861144009150154;-1.1174791740956513;-0.9727233772411912;-0.9727236597461856;-0.9727236330921111;-1.0855339289206454;-0.8291947343347876;-0.8291977703809901;-0.8292006056129239;-1.0855290808697426;-0.7958449802232442;-0.7958451141536478;-0.795845543765444;-1.0855345027925876;-0.829198772577087;-0.8291995612738992;-0.8292017514816225;-1.085532072794029;-0.795845030361943;-0.7958451134756004;-5.0356611604443526E-5;-0.9821769680779491;-0.7258406450128945;-0.7258399278287647;-0.7258423607608777;-0.9821756444312485;-0.6924796436219423;-0.6924840216390635;-0.6924852910799224;-0.9821750491742316;-0.7258411729828305;-0.725842168072369;-0.7258419197994875;-0.9821766120079677;-0.6924829327016229;-0.6924843509162655;-0.6924857545500155;-0.9082201435467431;-0.6518851923266129;-0.6518846201302552;-0.6518851906070607;-0.9082182978395369;-0.6185274056666948;-0.6185279787547983;-0.6185265877370684;-0.9082206570864126;-0.6518854775639586;-0.6518846410390033;-0.6518850582806381;-0.9082190792797533

Mean of total Error: -0.8242291028070949
