layers: [8, 10, 9] partial_dataset
Training Iteration: 100000
Learning Rate: 0.05

Total Error for each data:
-3.9686853457400874E-5;-9.314470724466287E-6;-2.7510137240300124E-5;-1.7116460093778535E-6;-3.367166688257887E-5;-4.793871216082422E-5;-8.676631336976321E-6;-2.293119456674076E-6;-3.145627949778247E-5;-6.683179145590742E-6;-1.925432909129969E-5;5.640559826691679E-7;-2.3583058718221103E-5;-2.9800401888782974E-5;2.6483470394232955E-5;-7.779307314093143E-5;-1.0880060510342765E-6;-3.051066094081785E-4;5.253594107155945E-5;6.7967591422068955E-6;-4.155395568469897E-6;2.5944946540989886E-5;4.24379131839625E-5;-6.339878326566892E-6;-9.293611540292797E-7;-8.884476542240176E-5;2.2767571179312558E-5;1.560785329280835E-5;-6.268880943254648E-6;1.274889217715544E-5;1.375368576162614E-5;1.4507752570184853E-6;2.4955400240523174E-6;4.1263910463115674E-6;-4.8449913187278037E-5;-4.206571610031796E-5;-1.5346383311382748E-5;5.590167535162481E-7;1.3036364549921866E-5;4.466098272681182E-6;2.280205168236263E-6;4.0207490948044195E-6;-6.129492853254234E-6;-5.44586539629011E-6;-2.440910564321974E-5;1.265001563632618E-6;2.3775957520121528E-4;1.7628742912308276E-6;6.435589840843921E-5;1.0200152044315706E-6;-9.616063575958616E-6;5.784917328836087E-6;1.119305375904681E-5;3.39725919289716E-7;4.8959771245791146E-6;7.45688983957282E-7;6.387672892559335E-7;1.1132716306979863E-6;-7.728117749137451E-6

Mean of total Error: -5.904171488886476E-6
