layers: [8, 10, 9] whole_dataset
Training Iteration: 100000
Learning Rate: 0.05

Total Error for each data:
2.5625570357082135E-6;-5.307606454775112E-7;-3.742091406805688E-8;6.7570078316321695E-6;2.30845152844032E-6;1.6617747093650195E-6;-1.06384657993555E-6;4.477778993038874E-6;3.1351753920559336E-6;-1.329648105165495E-6;-7.15953523219515E-7;7.855649036664985E-6;3.1216277242298975E-6;1.249665802699375E-6;2.447181200122016E-6;8.740129561349135E-7;6.001850254196421E-6;-2.400214928667912E-5;2.4746535312939453E-6;-1.3016489086438119E-6;5.940183441241841E-6;8.586611526230364E-7;1.1107846335347684E-6;4.870413993476031E-7;7.879557158167666E-6;-1.4445932664358208E-5;5.844687017432615E-6;-4.769292123058455E-7;2.48382978388773E-5;3.5880458481340477E-6;4.848752999287145E-6;-2.3887933431373998E-6;-7.358817558866241E-6;-5.444312214198058E-6;-4.732967072532729E-6;1.3334677209581269E-5;3.978510205947456E-6;9.246436192509208E-6;2.46380373746877E-6;-5.769745922248282E-6;-1.4665210724006327E-6;-5.25488734504799E-6;1.3134244129009873E-6;1.1517496317175514E-5;4.409814051161455E-6;-3.8044347844027433E-7;-4.053941241479089E-6;1.4006314229991186E-6;-1.9535399325849096E-5;1.9221755058576348E-7;1.777559207635238E-5;6.895220362158175E-7;-4.165049145120353E-6;-2.2635409929378205E-7;-6.470308931741233E-7;9.765949018874035E-7;-4.976944747080913E-7;1.2324270210395407E-7;1.6725203174385878E-5

Mean of total Error: 1.3329545160873532E-6
