layers: [8, 10, 15, 17, 13, 9] partial_dataset_layer_alternative
Training Iteration: 100000
Learning Rate: 0.05

Total Error for each data:
2.0624734657212112E-6;2.1413377579149796E-6;5.2157685350708865E-6;5.953680666492361E-6;6.131519960107225E-6;7.155622617255804E-6;6.6189729857195945E-6;4.7574848240869985E-6;2.0481046698554565E-6;2.263048573504912E-6;4.5164300099979314E-6;6.1816085914044715E-6;6.399305845771669E-6;7.683966078833687E-6;2.0844557111306668E-6;2.3638482719108287E-5;1.0471522859896765E-5;4.287045723737218E-6;4.185044047791298E-6;1.9451882755585733E-6;1.943562014044589E-6;2.7647500553934997E-6;2.6372823958728724E-6;1.7111505854603854E-5;8.574849442186993E-6;4.330418345289097E-6;5.233558392897468E-6;2.016931944561113E-6;1.982579772167386E-6;3.4640897783607856E-6;3.1831269620446474E-6;5.434969388090712E-6;3.5370938465050585E-6;1.700165290696912E-6;1.703219991061295E-6;7.90005814140267E-6;1.5406851100708486E-5;9.971357630480895E-6;6.35603498672164E-6;1.5589149282295861E-6;2.004707347557939E-6;2.2873930173792623E-6;1.6429806560500701E-6;8.408181171735683E-6;9.88013220108131E-6;6.449311788163952E-6;1.2108559493515118E-6;5.940821514659187E-7;1.197493640840304E-6;5.886244635880131E-7;4.569242071973648E-6;4.213846115114719E-6;3.525246861251394E-6;4.030270848577475E-6;1.028799722471862E-6;7.62402721018502E-7;6.987528461219917E-7;5.752825537919276E-7;3.1430888311045157E-6

Mean of total Error: 4.734967443032536E-6
