layers: [8, 10, 9] partial_dataset
Training Iteration: 100000
Learning Rate: 0.05

Total Error for each data:
4.3240859424827236E-5;1.0500746863305919E-5;3.778758822457626E-5;4.981197425013416E-6;3.572616221668073E-5;4.875001146277121E-5;1.021036133564332E-5;9.883074296845257E-6;3.421304659176972E-5;8.040808647797091E-6;3.1376824314004803E-5;3.456710887032557E-6;2.6267764020799227E-5;3.0738498076833964E-5;4.469839536637537E-6;1.193252635366957E-4;7.053259528905135E-6;6.274343726894095E-4;7.46727390195573E-5;2.894518770252117E-6;5.855748266115967E-6;2.733425896549428E-6;3.1198350749871027E-6;2.680297004030417E-5;2.3426420104448146E-6;1.9576920262113974E-4;1.965548320787085E-5;6.305542712809113E-6;9.146475645838556E-6;2.1833016331541977E-5;4.276225084707296E-6;2.070874111266838E-6;2.7376713275296454E-6;7.150647370476972E-7;5.3730801829734705E-5;5.78287563067961E-5;2.608408118660244E-5;4.125185846922511E-6;5.674899704460281E-6;2.804187196878658E-6;3.5724483752359145E-6;6.794300164521425E-7;8.601696391422553E-6;1.2226664220433993E-5;3.641794087686343E-5;4.16659624482685E-6;1.4893543304933003E-5;3.2693864743713867E-7;7.185672800977751E-5;1.9108547134706337E-7;1.5490171357866084E-5;9.314278844525204E-7;4.58433153777908E-7;3.570450261300041E-7;1.0052826357495682E-6;4.271452413104736E-7;1.261388310201634E-6;1.8735097308599905E-7;1.4271343082825383E-5

Mean of total Error: 3.071115924123786E-5
