layers: [8, 10, 9] whole_dataset
Training Iteration: 100000
Learning Rate: 0.05

Total Error for each data:
2.8282435806018923E-6;1.651040138567035E-6;1.8286131807005053E-6;7.678540053646493E-6;2.600709355561826E-6;1.723164183887658E-6;5.582202087479307E-7;7.678198217784678E-6;3.565073626248274E-6;9.939972870951141E-7;1.0493995809849185E-6;9.121358039380333E-6;3.642942345924305E-6;1.4483120737329542E-6;5.947198259369204E-6;1.5255628048636657E-6;7.66914540679831E-6;1.1405541356262147E-5;2.1138836999972735E-5;6.046334007598132E-7;7.2877428335344655E-6;3.913592959328435E-6;9.19226137614514E-6;1.3091250663891311E-6;9.692883305894402E-6;2.5115584489951616E-5;2.6480790857389306E-5;1.5778497111094913E-6;2.766881186118874E-5;9.300368685570803E-6;1.966566850040818E-5;2.0930935770025617E-6;2.496798979422426E-6;1.6545290407983278E-6;1.7322945701614608E-5;1.4460151718452546E-5;5.379149473919699E-6;1.1992407466575085E-5;3.9418274795025425E-6;1.0528947589127593E-5;1.9802845184479808E-6;1.4940706214749558E-6;7.171568694844456E-6;1.3502454851465046E-5;5.416876264192397E-6;3.5580779141543015E-6;5.00147280465448E-5;3.998713657964916E-6;2.0641714046470435E-6;1.04382043442626E-6;2.0648965476156897E-5;3.7398291523393316E-6;2.3585653140422656E-6;2.1160417505933028E-7;3.459294176676187E-6;1.4123931352017688E-6;1.8057868831478987E-7;1.430493065328976E-6;2.1757035652676092E-5

Mean of total Error: 7.647064169799538E-6
