layers: [8, 10, 9] partial_dataset
Training Iteration: 100000
Learning Rate: 0.05

Total Error for each data:
3.554005967426361E-6;1.1862761388396324E-6;1.0277450984276138E-5;3.2695514156355628E-6;2.054495334101861E-6;8.112993019469837E-7;1.533729998666999E-6;7.589954840171181E-6;2.7567670939872508E-6;1.3576295022063487E-6;1.2122495222705114E-5;4.020766869701725E-6;2.6847053025781257E-6;9.380961880509919E-7;3.095330993087049E-5;4.1532190395764274E-5;5.965253477870858E-6;3.2232776328123094E-4;1.2720868009111674E-4;9.691277912459012E-6;1.700352697646071E-6;2.8678372437539314E-5;4.5557748258949604E-5;2.046309171373728E-5;1.413280856415535E-6;1.0692443719873798E-4;4.242305438718341E-5;2.1913396005617463E-5;2.877594702583908E-6;3.458190850869742E-5;1.8029910846333436E-5;3.5216493682853233E-6;5.233211351581963E-6;4.841455783359264E-6;5.280888642456666E-6;1.576304020647815E-5;1.073769787521969E-5;4.684202600438759E-6;1.8711264254382147E-5;7.27028546955984E-6;5.852653543472177E-6;4.700179111256562E-6;2.472203538168319E-6;6.780798824143883E-6;1.2008835233643684E-5;5.431597808459468E-6;2.526531185061483E-4;2.0898129386679664E-6;1.3621262641821673E-4;1.211100675778634E-6;5.874107781907468E-6;6.716345213288608E-6;1.1651486912824717E-5;6.967709454197201E-7;5.901259760328683E-6;1.1728342252677556E-6;1.9001555994575674E-6;1.3006226037839853E-6;6.543225333687933E-6

Mean of total Error: 2.4806987752351387E-5
