layers: [8, 10, 15, 17, 13, 9] partial_dataset_layer_alternative
Training Iteration: 100000
Learning Rate: 0.05

Total Error for each data:
0.2236337357309298;0.2236337357309298;0.4242721610332286;0.29987367329164916;0.29987367329164916;0.29987367329164916;0.4242721610332286;0.2236337357309298;0.2236337357309298;1.1127039424366079;0.4242721610332286;0.29987367329164916;0.29987367329164916;0.29987367329164916;1.3853961695728971;1.0755874579125524;1.0755874579125524;1.0755874579125524;1.2402074092511661;0.7308575329674463;0.7308575329674463;1.1321593294774082;1.3853961695728971;1.0755874579125524;1.0755874579125524;1.0755874579125524;1.2402074092511661;0.7308575329674463;0.7308575329674463;1.1321593294774082;0.6775379591310331;0.49525890091011215;0.49525890091011215;0.49525890091011215;0.8926381923925719;0.6394013522970828;0.6394013522970828;0.6394013522970828;0.6775379591310331;0.49525890091011215;0.49525890091011215;0.49525890091011215;0.8926381923925719;0.6394013522970828;0.6394013522970828;0.6394013522970828;0.5988271576885602;0.2890184460282155;0.2890184460282155;0.2890184460282155;0.5988271576885602;0.3455903175930712;0.3455903175930712;0.3455903175930712;0.5988271576885602;0.2890184460282155;0.2890184460282155;0.2890184460282155;0.5988271576885602

Mean of total Error: 0.6285810540025605
