layers: [8, 10, 9] whole_dataset
Training Iteration: 100000
Learning Rate: 0.05

Total Error for each data:
2.65686544893679E-7;2.181800784044546E-6;1.8660340947685621E-6;9.215322220143243E-7;2.922578271215063E-7;6.138947452263853E-8;1.6220667886834805E-6;3.2004192247458038E-6;4.2989823419234033E-7;2.323645392260609E-6;1.7653531042044335E-6;1.2657090027153478E-6;5.213146216944075E-7;1.9864627103357916E-7;3.500017059247188E-6;6.515498487287522E-7;1.6672951526018894E-6;3.540769064294127E-5;1.866418346867879E-5;1.9062823094036251E-6;1.3475593922926242E-6;3.0549318067053986E-6;8.081476742610371E-6;8.22083667041528E-7;1.8133261477267362E-6;3.9561517154309823E-5;2.063610383995669E-5;2.0547789234153368E-6;2.8305140223114384E-6;5.712322837436755E-6;1.4816915501121034E-5;4.481886920139961E-6;9.855616538288667E-6;7.098841254996386E-6;2.2055912774147337E-5;1.125474508871277E-6;1.400639267972243E-6;2.7459712740658765E-6;1.4780237420337725E-6;1.6298693511375875E-5;3.4468055908486134E-6;6.748957966522946E-6;5.858144281943468E-6;1.9849585342895326E-6;1.0070622130309422E-6;3.938521392594576E-6;5.406866928802389E-5;2.598082234965797E-6;2.159957073049614E-5;8.516028838404966E-7;2.8733733998045145E-6;3.050307116123514E-6;6.523614459162618E-6;4.3795827435311234E-7;4.10632506985031E-6;4.3579823331436534E-7;6.782731630228811E-7;1.307250363225022E-6;5.031832478290213E-6

Mean of total Error: 6.314109653712185E-6
