layers: [8, 10, 15, 17, 13, 9] whole_dataset_layer_alternative
Training Iteration: 100000
Learning Rate: 0.05

Total Error for each data:
0.8611456905661197;0.8611456905661197;1.1174815357898469;0.9727253531247715;0.9727253531247715;0.9727253531247715;1.1174815357898469;0.8611456905661197;0.8611456905661197;0.8611456905661197;1.1174815357898469;0.9727253531247715;0.9727253531247715;0.9727253531247715;1.0855400465690193;0.8292042013452922;0.8292042013452922;0.8292042013452922;1.0855400465690193;0.7958480360031415;0.7958480360031415;0.7958480360031415;1.0855400465690193;0.8292042013452922;0.8292042013452922;0.8292042013452922;1.0855400465690193;0.7958480360031415;0.7958480360031415;5.240546335091651E-5;0.9821804014910971;0.7258445562674676;0.7258445562674676;0.7258445562674676;0.9821804014910971;0.6924883909251076;0.6924883909251076;0.6924883909251076;0.9821804014910971;0.7258445562674676;0.7258445562674676;0.7258445562674676;0.9821804014910971;0.6924883909251076;0.6924883909251076;0.6924883909251076;0.9082221398872024;0.6518862946634751;0.6518862946634751;0.6518862946634751;0.9082221398872024;0.6185301293213246;0.6185301293213246;0.6185301293213246;0.9082221398872024;0.6518862946634751;0.6518862946634751;0.6518862946634751;0.9082221398872024

Mean of total Error: 0.824232528193036
