layers: [6, 6, 7] whole_dataset
Training Iteration: 100000
Learning Rate: 0.05

Total Error for each data:
-9.244002663643067E-7;1.445459843949181E-6;1.2829227883913514E-6;1.4522793881654084E-6;-4.643816755332343E-6;-8.50005190786459E-6;8.428703034844793E-6;4.970835011220583E-7;2.863868263003079E-7;-7.680541204669986E-7;1.2964558332724828E-5;-9.931475577304707E-6;2.0083927017888096E-5;-9.32483728436973E-5;2.9700374840534134E-5;-3.5352985661433247E-6;1.290739668859784E-5;-3.242047874682198E-5;-3.210043356356533E-6;-1.6404157198654912E-5

Mean of total Error: -4.226852853824448E-6
