layers: [6, 6, 7] partial_dataset
Training Iteration: 100000
Learning Rate: 0.05

Total Error for each data:
1.0812970129757425E-6;1.947710415364084E-6;1.3152465464077946E-5;7.876173912371028E-6;-1.9626282636043484E-5;-1.0439877962473545E-5;-1.664313014280617E-5;-3.263435505851503E-5;3.6496548085305352E-6;3.377949515473647E-6;-7.052181434997014E-6;4.730564627864792E-6;-5.467881024804414E-5;-3.626657012912392E-5;-3.7383483290211552E-6;-1.2463257817844031E-5;-3.438770503810922E-4;-2.6093238107878177E-4;-5.819846367793792E-6;-9.833514355453905E-6

Mean of total Error: -3.8909489509266634E-5
