layers: [6, 6, 7] whole_dataset
Training Iteration: 100000
Learning Rate: 0.05

Total Error for each data:
2.920977437996095E-6;2.4856818388898303E-6;1.2562052948486173E-5;1.0703568553181986E-5;7.307369358523529E-6;1.519415506285622E-5;3.932946060636204E-6;1.8016809654416433E-5;1.1622119733475236E-6;1.2991281344214592E-6;1.718626349107371E-5;5.350680579022174E-5;2.5277891786159284E-5;1.359893635705802E-4;5.057875588418962E-6;3.2115245863123195E-5;2.2457191367815168E-5;6.123313954872815E-5;1.3248679675955502E-5;2.8479417303148898E-5

Mean of total Error: 2.3506838750399014E-5
