layers: [6, 15, 20, 13, 7] whole_dataset_layer_alternative
Training Iteration: 100000
Learning Rate: 0.05

Total Error for each data:
1.2162981089842663E-6;1.2230054486282382E-6;1.594771873978674E-6;2.4178087708234543E-6;1.0468433763607722E-6;3.0695656102637603E-6;1.3957637882523351E-6;2.6470037425150943E-6;1.8017501034854399E-6;1.9049835728687978E-6;1.4559020333558673E-6;2.981794360124966E-6;7.87065012954292E-6;1.251975334965959E-5;1.2519650202306137E-5;9.074025796265966E-6;1.1494055678669771E-5;6.46435017014835E-6;2.0411349995174696E-6;5.948512032906058E-6

Mean of total Error: 4.534381157432896E-6
