layers: [6, 15, 20, 13, 7] partial_dataset_layer_alternative
Training Iteration: 100000
Learning Rate: 0.05

Total Error for each data:
1.0257910439224352E-6;9.401454334399096E-7;1.0170480074683121E-5;5.47476072054193E-6;5.804151612421769E-6;1.3306523074706574E-6;1.2908133087942712E-5;8.024471323077433E-6;1.240119311317649E-7;5.79257615761624E-7;1.018464297764407E-6;2.3670822920346545E-6;3.789252817081335E-5;0.014051569396716018;6.057959236955822E-6;1.7575636611354453E-5;1.6739615457968145E-5;2.796143759403384E-6;1.1314221909818782E-6;6.419397912584014E-6

Mean of total Error: 7.094974750898135E-4
