layers: [6, 6, 7] partial_dataset
Training Iteration: 100000
Learning Rate: 0.05

Total Error for each data:
3.397065745214894E-6;1.707507726090769E-6;1.1276033345445014E-5;8.642416454429672E-6;2.745931582303416E-5;3.593948570905842E-5;2.5328683456227247E-5;6.574912201297687E-5;4.887618639160919E-7;6.191449386946264E-7;1.7278228185294315E-5;2.6686223046611835E-5;7.608366633581203E-5;1.6811137400712966E-4;9.72514382627498E-5;4.5075537322945616E-5;4.4392808175003703E-4;3.6524319350995764E-4;2.402176667851416E-5;3.726887319457936E-5

Mean of total Error: 7.407779596843597E-5
