layers: [6, 15, 20, 13, 7] whole_dataset_layer_alternative
Training Iteration: 100000
Learning Rate: 0.05

Total Error for each data:
1.5235163805025383E-5;1.5264880318250657E-5;1.0892650152101367E-6;2.4681243608318962E-5;8.405740437060374E-6;8.836536392224567E-6;3.960800695291148E-5;6.231486910375153E-8;7.858960978607931E-6;1.5610978725013843E-6;8.313806749596758E-6;3.766138159199105E-6;5.261964517231868E-5;5.263191285400603E-5;2.071700252424348E-5;5.26215843362E-5;5.26123725825686E-5;5.261901213353076E-5;4.139579776901304E-5;9.039810633705307E-5

Mean of total Error: 2.7514929443347205E-5
