layers: [6, 6, 7] partial_dataset
Training Iteration: 100000
Learning Rate: 0.05

Total Error for each data:
4.478362758190637E-6;3.655218141454853E-6;2.442849880952296E-5;1.65185903668007E-5;7.833033186990676E-6;2.5499607746584873E-5;8.685553313421078E-6;3.3114766954461835E-5;4.138416672446627E-6;3.997094454168273E-6;1.0226046750297301E-5;3.141678767447663E-5;2.140485608776789E-5;1.3184480387800574E-4;9.351308993372865E-5;3.2612279505101585E-5;1.0005103136894484E-4;1.0431081243117589E-4;1.820192031072037E-5;2.7435358839125458E-5

Mean of total Error: 3.5168306459169334E-5
