layers: [7, 7, 8] whole_dataset
Training Iteration: 100000
Learning Rate: 0.05

Total Error for each data:
-4.3204787549463494E-6;-2.157503820957785E-6;3.1037324528312104E-6;-3.5335268091171895E-5;-1.09156779469656E-7;-5.293729227291904E-5;2.4601738101576346E-5;-8.167011577547323E-6;9.635559686012947E-6;1.4732612056002716E-6;-9.108528053484865E-6;-5.17396657973539E-7;1.0223877335616798E-5;-8.927622780280533E-6;7.437001238869971E-6;1.0749590594967278E-5;7.356216218454308E-5;-5.957125135241259E-5;7.231695305723731E-6;-8.248713925759608E-6;2.634907481687936E-5;-1.1897227016335708E-4;2.0990709613445187E-6;-1.3426538020451097E-5;-4.906955056876933E-7;1.3807476436221054E-6;1.566894501552698E-8;4.793155322487145E-6;2.6990305608730858E-5;-1.259811147912645E-6;2.0594563328152375E-5;-1.0160644544172655E-5;1.9496024145002505E-6;-3.6125302912598723E-6;3.793982556186495E-6

Mean of total Error: -2.8953692582029655E-6
