layers: [7, 15, 20, 13, 8] partial_dataset_layer_alternative
Training Iteration: 100000
Learning Rate: 0.05

Total Error for each data:
-0.06693971826468634;-1.0089860329136244;-1.5820826741646046;-0.06693932491507754;-0.06694060687811404;-0.5699562152902867;-1.0300478349815365;-0.4264850446926603;-1.0917159038897293;-0.18760330600779204;-0.48708072901791694;-0.004540444091438057;-0.49998771122372865;-0.1875784144462929;-0.487084348522392;-0.4870791310785097;-0.5130892008441076;-0.7615618407808432;-0.9997940324008024;-0.48708654619057784;-0.8129969195165349;-1.9999817518027867;-1.3842989000652106;-1.3842969780356607;-0.49999036953896603;-0.9837280232004062;-0.058416994483074657;-0.058417362647762386;-0.058414224608945256;-0.9837283052148951;-0.05841722478851824;-0.05841792284132945;-1.4999933689590241;-0.983711256776675;-0.05841812335550015

Mean of total Error: -0.625594479612286
