layers: [7, 7, 8] partial_dataset
Training Iteration: 100000
Learning Rate: 0.05

Total Error for each data:
2.360121597324273E-6;1.2247498870803476E-6;-3.597119200190994E-6;-4.1005566795407976E-5;1.3152209075155558E-6;0.015023404536308573;2.4991209798390417E-5;1.0754381637424335E-4;3.6776860514360854E-4;1.907447356604479E-5;4.81076846126809E-5;2.258227325748481E-5;4.497870194098487E-5;1.2651891134675118E-4;2.2036861340549504E-5;5.553936297821859E-6;7.613718539441347E-6;-3.0068482096406182E-6;3.575153696417583E-6;-5.912521090577257E-5;5.3726088463325065E-5;0.00105862509165604;-4.197895237586815E-6;-1.80997406408502E-5;5.415248740839399E-6;1.0205603762037764E-4;-1.3915394704523516E-6;7.507341494928711E-6;0.004012881234528781;1.9693082903342133E-5;1.0248981995091499E-6;1.2007809742232146E-6;6.227108086971307E-6;2.875767150898172E-5;-1.6042238579531809E-6

Mean of total Error: 5.998210404135534E-4
