layers: [7, 15, 20, 13, 8] partial_dataset_layer_alternative
Training Iteration: 100000
Learning Rate: 0.05

Total Error for each data:
0.06694146976463317;1.0089885294850127;1.5820849414682567;0.06694146976463317;0.06694146976463317;0.570039439856805;1.0300587154823837;0.426494031550442;1.0917243826297165;0.1876324445031031;0.48709396791126003;0.004551957574991922;0.500000000369758;0.1876324445031031;0.48709396791126003;0.48709396791126003;0.5130990518420669;0.7616135903125072;0.999805468818806;0.48709396791126003;0.8130089139797143;1.9999987257005516;1.3843000416202;1.3843000416202;0.4999925632370127;0.983731521539392;0.058419183573790445;0.058419183573790445;0.058419183573790445;0.9837315213053514;0.058419183573790445;0.058419183573790445;1.4999970746414657;0.9837315213053514;0.058419183573790445

Mean of total Error: 0.6256066373065107
