layers: [7, 15, 20, 13, 8] partial_dataset_layer_alternative
Training Iteration: 100000
Learning Rate: 0.05

Total Error for each data:
1.75149994683089E-6;2.4965713881901893E-6;2.2673036521790547E-6;2.144849555634079E-6;8.628865191280351E-7;8.32245665183058E-5;1.0880500847106814E-5;8.986857781745006E-6;8.478739987138018E-6;2.913849531105473E-5;1.3238893343089662E-5;1.1513483553865189E-5;1.2289146029355434E-5;5.403005681019446E-5;9.619388868013435E-6;1.4836832750319478E-5;9.850997959356809E-6;5.174953166397472E-5;1.143641800362915E-5;7.421720682167028E-6;1.1994463179413344E-5;1.697389776494725E-5;1.1415549893453217E-6;3.0635845394942307E-6;2.193698046646172E-6;3.4983389858469464E-6;2.1890907157857156E-6;1.8209260280601798E-6;4.958964845187119E-6;3.216090456306513E-6;1.9587852722041347E-6;1.2607324609971145E-6;3.705682441575277E-6;2.026452867630685E-5;1.0602182902936287E-6

Mean of total Error: 1.2157694224676791E-5
