layers: [7, 7, 8] partial_dataset
Training Iteration: 100000
Learning Rate: 0.05

Total Error for each data:
5.48365431025926E-7;1.0491981063670882E-6;1.5336082281946512E-5;4.905298903946887E-5;7.583419434607435E-8;4.511276763221614E-5;1.6006992941414728E-5;7.086947958172981E-7;1.0819995206626794E-7;2.7371161518129606E-5;1.8538444831933942E-6;7.33051233795262E-6;1.3515781428149163E-5;1.1683808166138902E-4;1.6546347255476776E-6;9.776175292809445E-6;2.028114524855322E-6;3.3788884467099314E-5;3.070065202679418E-6;1.5629042743595922E-4;3.240331656362473E-5;0.0012306774866665151;1.2248849377045067E-5;2.5468379805872243E-5;1.5521929952190436E-6;2.9855963343057833E-5;1.0250770366322173E-5;9.927688164128042E-5;3.079076098216865E-4;4.085510553318999E-5;1.1653917385577302E-4;4.950417588016749E-7;6.0343780342962124E-6;4.1584891035613025E-6;1.5672982046587108E-5

Mean of total Error: 6.956895509615047E-5
