layers: [7, 7, 8] whole_dataset
Training Iteration: 100000
Learning Rate: 0.05

Total Error for each data:
9.244762404110921E-6;2.8375134162763647E-6;1.7475742344150878E-6;4.245599754861672E-5;3.2039645229537874E-7;7.29127469717227E-5;7.599496378341434E-6;1.3892776740011987E-5;9.122529555840129E-6;3.4430509876530524E-5;9.516421947668795E-6;7.004020603175837E-7;4.928938888680626E-7;2.2861306825140307E-5;5.70363228358851E-6;6.210057722308575E-6;1.367617702216169E-6;7.057359159247817E-5;1.6406689225676857E-6;5.356546840917838E-5;1.3943891057513923E-5;1.721908603883347E-4;1.2946738002247798E-5;1.6942309278881027E-5;3.264879337013652E-6;2.0344099705804696E-5;4.746822650720014E-6;4.122058247313832E-6;2.2875199169755782E-5;1.6771001553894714E-5;1.9242797745556154E-5;1.4232301992634123E-5;6.4079715742069334E-6;7.069232452249237E-6;2.3263261131073795E-6

Mean of total Error: 2.013208154862078E-5
