layers: [7, 7, 8] whole_dataset
Training Iteration: 100000
Learning Rate: 0.05

Total Error for each data:
4.924283649164572E-6;6.800095953185797E-7;4.851306687246298E-6;7.1207294574448286E-6;2.1123967282572274E-7;1.9975454698803658E-5;3.220123447991778E-5;5.725765162464665E-6;1.8758089241853076E-5;3.5903771082130795E-5;4.0789389418392963E-7;1.830054023440447E-7;1.071677122448486E-5;1.3933684044859774E-5;1.3140633522458481E-5;1.6959648317275852E-5;7.492977988675926E-5;1.1002340240065587E-5;8.872364228291417E-6;4.531675448341877E-5;4.029296587439328E-5;5.321859022497762E-5;1.5045808963592317E-5;3.5157712584299306E-6;2.7741838313259586E-6;2.17248473494268E-5;4.762491595735541E-6;8.915213569800977E-6;4.986550477848664E-5;1.551119040598207E-5;3.983736107370853E-5;4.071657448461468E-6;8.357573988707184E-6;3.456702160989365E-6;6.120308669293874E-6

Mean of total Error: 1.7236712290417816E-5
