layers;3;3;4
-7.261849;4.46996;-4.057517;
3.3628547;-2.7087574;8.534993;
4.8664026;-0.33896112;-4.9433193;
-0.23296367;-0.06869933;0.207954;
;;;
-7.433797;-14.016285;6.5678344;0.5025618;
4.7193556;-4.7594557;-4.8987966;-11.852853;
-9.401495;8.941609;-11.172203;5.8820653;
0.30183473;-0.0067152195;0.3498066;-0.91363746;
