layers;3;6;7
;;;
0.1931947386660966;-0.07149302859959472;-0.8165848465042964;-0.07538122353095478;0.8336271103229145;0.08418077130675639
-0.8069288446159952;0.2889978926930352;-0.8385097814789868;0.2265753314587633;-0.05719762615343926;-0.5451854503979412
0.33133466986470417;0.6803499013637349;-0.7128780796994942;0.8320630931017703;0.5983033810301801;-0.3116462231882158
0.09078292122658271;0.8240589715461542;0.8136482760503052;0.13535183843485643;0.4745561681066799;-0.8042591913112869
sigmoid;
-0.7594821487720118;-0.5583404512858134;-0.5554595597687073;0.16627805336148138;-3.80942743275714E-4;0.8617560702659355;0.3826876069335261
0.8962514567142115;-0.24924480285198336;0.25084732129832465;0.40943036765678675;0.10157954601237584;0.22513121659955604;0.7619387710928556
0.6386950129636861;0.7920928183480023;0.9267249636942467;0.7655622482049751;0.5132396115625164;0.5293349618610119;0.2334096308902791
0.21544026844260444;-0.824977620543571;-0.6669129449107558;-0.8403088257309286;0.21911579357037514;0.0688712520795598;0.33549094482120556
-0.5301569027923085;0.41688044664200286;0.6606188230049099;0.48629879708646584;0.043110540814669474;0.1258486507156782;0.27000864459909923
-0.8774575671937328;-0.0819530322889348;-0.6279580982794708;-0.5496821870056467;0.5381821633558239;-0.7190632701915545;0.9118625293118887
-0.7208479532398284;0.34714330999790066;-0.10594091638280623;-0.21338091228315936;0.9983296413007579;0.33703715430845804;-0.892757413071799
sigmoid;
