layers;3;3;4
-6.0904336;4.014131;-3.0141702;
2.4553146;-2.8997436;7.074127;
3.9370987;0.0103150895;-3.9390059;
0.08;-0.09;-0.05;
;;;
-5.7631354;-10.454594;5.151173;0.7351462;
4.017964;-3.6302094;-3.2350826;-9.668142;
-6.78862;6.310174;-8.292504;3.2969928;
-0.08;0.06;0.09;-0.001;
