layers: [6, 7, 5, 3] whole_dataset
Training Iteration: 10
Learning Rate: 0.05
Total Error for each data:
0.03177645700417231;0.013365107127111975;0.04084101537864748;-0.01058745269356609;0.040311909263789136;-0.026159486834556323;0.008141764859145029;-0.017402937209272773;-0.029887020691935384;-0.030486804154393088;0.028616803697185722;0.05185142903967299;0.047202709586225966;0.04906521763001742;0.02577630400853903;0.06367158195786726;0.05923902835256978;0.07093665078573175;0.03172950610413772;0.06374221490647919

Mean of total Error: 0.025587199905878433
