layers: [6, 7, 5, 3] whole_dataset
Training Iteration: 10
Learning Rate: 0.05
Total Error for each data:
0.30066649765377607;0.28936351849935793;0.4297099071555537;0.3091473737722472;0.42709808033560304;0.29606949696312324;0.42929214313430597;0.3009031793394801;0.2991150745534661;0.2894789108453044;0.4387091661250704;0.3322580173281606;0.4549690973134486;0.34242238572234074;0.4515343805110539;0.3377305835197624;0.3376818200662126;0.3435068618671342;0.4255995992369481;0.3146029855472028

Mean of total Error: 0.35749295397447756
