layers: [6, 7, 5, 3] whole_dataset
Training Iteration: 10
Learning Rate: 0.05
Total Error for each data:
0.26889004064960376;0.27599841137224596;0.3888688917769062;0.3197348264658133;0.3867861710718139;0.32222898379767956;0.42115037827516094;0.31830611654875285;0.32900209524540147;0.3199657149996975;0.41009236242788466;0.28040658828848763;0.4077663877272226;0.2933571680923233;0.42575807650251485;0.2740590015618951;0.27844279171364283;0.27257021108140245;0.3938700931328104;0.2508607706407236

Mean of total Error: 0.3319057540685991
