layers: [6, 10, 15, 10, 7, 3] whole_dataset_layer_alternative
Training Iteration: 100000
Learning Rate: 0.05

Total Error for each data:
0.17582656972797914;0.17582656972797914;0.304752283006228;0.1759715931065249;0.304752283006228;0.1759715931065249;0.304752283006228;0.1759715931065249;0.1759715931065249;0.1759715931065249;0.3421749630645129;0.21339427316481438;0.3421749630645129;0.21339427316481438;0.3421749630645129;0.21339427316481438;0.21339427316481438;0.21339427316481438;0.3420124558659556;0.21323176596625254

Mean of total Error: 0.23972542154285428
