layers: [6, 7, 5, 3] partial_dataset
Total Error for each data:
0.26447793167539135;0.28461626953929553;0.4070160673945602;0.2896935936533289;0.4112967587369152;0.2852893086329322;0.408368312181127;0.30193003218668624;0.31113248060653476;0.29790574342360454;0.47639166298397884;0.33926261882850195;0.4860291942883852;0.3364601075350122;0.46380104825574087;0.33853033182403536;0.3431989408720879;0.333678709810286;0.45347691452135086;0.2776403241769505

Mean of total Error: 0.35550981755633526
