layers: [6, 10, 15, 10, 7, 3] whole_dataset_layer_alternative
Training Iteration: 100000
Learning Rate: 0.05

Total Error for each data:
1.5224404568696583E-6;7.289194139738242E-6;3.4692565405953908E-6;1.9179550315220833E-6;4.813119280714203E-6;2.675360410586118E-6;5.218398168531596E-6;2.311534946540292E-6;4.808773660764778E-6;3.1659868419277457E-6;7.70376293601771E-6;1.8103350053955873E-6;4.712843640675146E-6;4.380763232742485E-6;9.53708420503574E-6;5.387603554299517E-6;3.3564590146157453E-6;3.041807309953934E-6;2.5953502820573336E-6;2.225164649981417E-6

Mean of total Error: 4.097159665428235E-6
