layers: [6, 7, 5, 3] whole_dataset
Training Iteration: 100000
Learning Rate: 0.05

Total Error for each data:
0.2815194998840237;1.1016345630037635E-6;0.14904039272288938;0.5000006640338808;0.14904039272288938;0.5000006640338808;0.14904039272288938;0.5000006640338808;0.3757968858486681;0.3757968858486681;0.531329471317518;0.500001101512279;0.5313293884263617;0.500001101512279;0.5313293884263617;0.500001101512279;0.7810120356439038;0.500001101512279;0.1763714959226204;1.0000006639115966

Mean of total Error: 0.42658071965918554
