layers: [6, 10, 15, 10, 7, 3] partial_dataset_layer_alternative
Training Iteration: 100000
Learning Rate: 0.05

Total Error for each data:
0.5257203059777269;0.010500066266147329;0.2611964716684907;1.0892412471841087E-4;0.2611964716684907;1.0892412471841087E-4;0.2611964716684907;1.0892412471841087E-4;0.5198917808182855;0.5021073468160389;0.29802655017301244;0.3661327260862373;0.29802655017301244;0.3661327260862373;0.29802655017301244;0.3661327260862373;0.5567218593231591;6.035288885055386E-4;0.2921980250140133;0.476742738166021

Mean of total Error: 0.2830439833713637
