layers: [6, 7, 5, 3] whole_dataset
Training Iteration: 100000
Learning Rate: 0.05

Total Error for each data:
7.301442568768285E-6;8.687906171477817E-6;9.847133453050242E-6;1.7038058536871E-6;7.79452429193885E-6;1.2872857780498007E-6;7.66408382823507E-6;1.0705228387858731E-6;1.157995466016119E-6;1.1406814844129847E-5;2.4023056166555534E-6;1.4469190995438713E-5;3.6435898600473138E-6;1.0892179705423506E-5;5.738744521366357E-6;1.1122963561152227E-5;6.39963888686174E-6;7.829771721911258E-6;8.02537513966417E-6;2.180537117489128E-6

Mean of total Error: 6.531290611007449E-6
