layers: [6, 7, 5, 3] partial_dataset
Training Iteration: 100000
Learning Rate: 0.05

Total Error for each data:
2.6943043353753126E-6;4.084673210607825E-6;9.478204065000757E-6;8.494735468506024E-7;9.404522591925219E-6;5.757077985875176E-6;9.098302621025007E-6;4.049842921096564E-6;8.494486787006737E-7;1.5108989654033797E-5;5.918128930915145E-6;1.3439039207672556E-5;3.7504052858849946E-6;3.2898645206595842E-6;1.0223283421595397E-5;3.9796172367702505E-6;6.84924430066668E-6;3.2557430559409706E-6;8.599605620762609E-6;5.437594772408918E-6

Mean of total Error: 6.305868298188402E-6
