layers: [6, 7, 5, 3] partial_dataset
Training Iteration: 100000
Learning Rate: 0.05

Total Error for each data:
0.11822070569721692;0.11822070569721692;0.028889624568012844;2.9755673103462164E-5;0.02888962452754643;0.6166766929499697;0.02888962456666691;2.9755673103462164E-5;0.2902556646991289;0.6166766929499697;0.5804403788468768;0.0073897211264620346;0.17171127831377225;0.007394210550944038;0.38550742001653815;0.007389020655701132;0.08571043073366745;0.007332803650910661;0.04327118823321702;3.11566056582763E-10

Mean of total Error: 0.1571462649720795
