layers: [9, 12, 15, 10, 5, 4] whole_dataset
Training Iteration: 10
Learning Rate: 0.05
Total Error for each data:
0.0720078735739983;0.045895283610068116;0.03890180229373952;0.20428909753899283;0.05094376892831204;0.35506848763917065;0.3441677627398757;0.4540748230494134;0.27442140915373325;0.32011976652018337;0.2643313371282824;0.3600895066578977;0.1490843289278628;0.3483815756224773;0.3046916831637143;0.42096940522116333;0.17243939998252153;0.38169966450306336;0.3252247577357676;0.44449284879907813;0.21410371560939473;0.3917378725193267;0.3380858037542064;0.4500337849541154;0.240495016648921;0.25941518216509485;0.19816090338895007;0.27352222194711506;0.20520235560175504;0.3184663821668259;0.24281667538159984;0.27804894227776844;0.22250525176186803;0.3385950630515989;0.30213305950762326;0.2748505377130052;0.24255194741734998;0.3507512090752703;0.33227715277313163;0.27907486484529165;0.25765697526486625;0.2794771917620466;0.1552880137858439;0.26108159454165236;0.151064087064312;0.3297536133907202;0.16274671565789767;0.27815458687527883;0.1510837999146652;0.35042484780309596;0.2012629869897689;0.2775673537683106;0.15874385532100121;0.359791497144849;0.20428282449461546;0.2832286589358794;0.15816875552897403;0.29159759074316854;0.341111633129743;0.3052335580868119;0.31408065281503417;0.21984612736285425;0.32761772118736604;0.2682228087274596;0.31464390888742155;0.22574499729075553;0.3286538098771392;0.2648211620342654;0.31150155994070916;0.06640637976731878;0.14454229523233988;0.08969980685653811;0.010234305060043691;0.2681328592865372;0.33002761746663134;0.32893637794424446;0.3140193876392129;0.2547774919093495;0.32154761816138516;0.30972314818807445;0.3191500123982366;0.24816685176436604;0.32116685547620677;0.25675939636215905;0.3141630266476845;0.04992218225768852;0.15953900579439415;0.08404797589274704;-0.01425582141306142;0.29411952405777053;0.335611859040842;0.3053124979694862;0.3176092603457223;0.2953208363876654;0.31474592734122353;0.30724852307665707;0.3173584085190303;0.262569277213211;0.32238773817965755;0.3073260865044629;0.3143669177006646;0.18441381003409238;0.1283043248974297;-0.011288692023569857;-0.07627228068638725;0.296993851390719;0.32167752788040394;0.3116282314434828;0.3179949286761049;0.2838503886124427

Mean of total Error: 0.2567723739357203
