layers: [9, 14, 20, 15, 10, 7, 4] whole_dataset_layer_alternative
Training Iteration: 100000
Learning Rate: 0.05

Total Error for each data:
0.031223482327425445;-0.2630468106270826;0.024253854278042386;-0.2560739005293171;0.031223409478110864;-0.5015991686228286;-0.2142985022788453;-0.49462580365526665;-0.20732865007535994;-0.5015989822901004;-0.2142986174941719;-0.4946259746353509;-0.20732889364826665;-0.5015991518521539;-0.21429856866364896;-0.4946268208294817;-0.2073287220667504;-0.5015991165241559;-0.2142987246136208;-0.49462669451535357;-0.20732876247295887;-0.5015989570461453;-0.2142984866301133;-0.49462596704669426;-0.2073280348225728;-0.21429767456809332;-0.2142976702811279;-0.20732855792883362;-0.20732860380138418;-0.21429804833681532;-0.2142978645444251;-0.20732853578446578;-0.20732829704948286;-0.21429810621421305;-0.21429814291065796;-0.20732870130833558;-0.20732854116622979;-0.21429804958730397;-0.2142977089845146;-0.20732824841112057;-0.20732756701198543;-0.21429789556510498;-0.21429787165554745;-0.20732842618097364;-0.20732830213427234;-0.21429815557476106;-0.2142982496454893;-0.2073284181131944;-0.2073280181833721;-0.21429830316471232;-0.21429836401246768;-0.2073284175268514;-0.20732808931078398;-0.2142980222913677;-0.2142984649530978;-0.2073278901800067;-0.207327191091688;-0.9995356634746955;-0.7122415125164409;-0.9925651115940816;-0.7052712224203267;-0.9995363919339653;-0.71224154684905;-0.9925673592055462;-0.7052719096104919;-0.9995350524192812;-0.7122420041655793;-0.992566842287728;-0.7052719548658022;-0.7380917786470994;-0.4507949416578442;-0.7311226315852085;-0.4438241663349634;-0.9995354710758644;-0.712241131350839;-0.9925666970967626;-0.7052711835987088;-0.9995366093052116;-0.7122420459935205;-0.9925673647167779;-0.7052720485364833;-0.9995366508624475;-0.7122420567364884;-0.9925677785901451;-0.7052719967479136;-0.7380905091052399;-0.4507949189538534;-0.7311226709860832;-0.44382438288677045;-0.7122414276564771;-0.7122419593872668;-0.7052706310340318;-0.7052715614868001;-0.7122419898493527;-0.7122422458735287;-0.7052710708237021;-0.7052717294791635;-0.712242024581409;-0.7122423109895812;-0.7052718031077513;-0.7052719309738369;-0.45079489133577433;-0.4507946902113194;-0.44382480793025586;-0.44382481603778345;-0.7122418821685955;-0.7122423032132605;-0.705271619151812;-0.7052717904195149;-0.7122412139740463

Mean of total Error: -0.4844968660738706
