layers: [9, 14, 20, 15, 10, 7, 4] whole_dataset_layer_alternative
Training Iteration: 100000
Learning Rate: 0.05

Total Error for each data:
0.4687792882760642;0.7630474534426174;0.47574947012592494;0.7560772715927566;0.4687792882760642;0.5015998654844028;0.21430188216771043;0.49462968363454207;0.20733170031784967;0.5015998654844028;0.21430188216771043;0.49462968363454207;0.20733170031784967;0.5015998654844028;0.21430188216771043;0.49462968363454207;0.20733170031784967;0.5015998654844028;0.21430188216771043;0.49462968363454207;0.20733170031784967;0.5015998654844028;0.21430188216771043;0.49462968363454207;0.20733170031784967;0.21430188216771043;0.21430188216771043;0.20733170031784967;0.20733170031784967;0.21430188216771043;0.21430188216771043;0.20733170031784967;0.20733170031784967;0.21430188216771043;0.21430188216771043;0.20733170031784967;0.20733170031784967;0.21430188216771043;0.21430188216771043;0.20733170031784967;0.20733170031784967;0.21430188216771043;0.21430188216771043;0.20733170031784967;0.20733170031784967;0.21430188216771043;0.21430188216771043;0.20733170031784967;0.20733170031784967;0.21430188216771043;0.21430188216771043;0.20733170031784967;0.20733170031784967;0.21430188216771043;0.21430188216771043;0.20733170031784967;0.20733170031784967;0.9995411008466313;0.7122431175299389;0.9925709189967706;0.7052729356800782;0.9995411008466313;0.7122431175299389;0.9925709189967706;0.7052729356800782;0.9995411008466313;0.7122431175299389;0.9925709189967706;0.7052729356800782;0.7380935128884168;0.4507955295717244;0.7311233310385561;0.44382534772186366;0.9995411008466313;0.7122431175299389;0.9925709189967706;0.7052729356800782;0.9995411008466313;0.7122431175299389;0.9925709189967706;0.7052729356800782;0.9995411008466313;0.7122431175299389;0.9925709189967706;0.7052729356800782;0.7380935128884168;0.4507955295717244;0.7311233310385561;0.44382534772186366;0.7122431175299389;0.7122431175299389;0.7052729356800782;0.7052729356800782;0.7122431175299389;0.7122431175299389;0.7052729356800782;0.7052729356800782;0.7122431175299389;0.7122431175299389;0.7052729356800782;0.7052729356800782;0.4507955295717244;0.4507955295717244;0.44382534772186366;0.44382534772186366;0.7122431175299389;0.7122431175299389;0.7052729356800782;0.7052729356800782;0.7122431175299389

Mean of total Error: 0.5072267538914886
