layers: [9, 14, 20, 15, 10, 7, 4] partial_dataset_layer_alternative
Training Iteration: 100000
Learning Rate: 0.05

Total Error for each data:
0.47797893378488;0.7554261208556741;0.4828548295064546;0.7505502250889452;0.47797893378488;0.556168266308662;0.2835969749594425;0.5512923705303424;0.2787210792262772;0.556168266308662;0.2835969749594425;0.5512923705303424;0.2787210792262772;0.556168266308662;0.2835969749594425;0.5512923705303424;0.2787210792262772;0.556168266308662;0.2835969749594425;0.5512923705303424;0.2787210792262772;0.556168266308662;0.2835969749594425;0.5512923705303424;0.2787210792262772;0.2835969749594425;0.2835969749726574;0.2787210792262772;0.2787210792262772;0.2835969749594425;0.2835969749594425;0.2787210792262772;0.2787210792262772;0.2835969749594425;0.2835969749594425;0.2787210792262772;0.2787210792262772;0.2835969749594425;0.2835969749594425;0.2787210792262772;0.2787210790865839;0.2835969749594425;0.2835969749726574;0.2787210792262772;0.2787210792262772;0.2835969749594425;0.2835969749594425;0.2787210792262772;0.2787210792262772;0.2835969749594425;0.2835969749594425;0.2787210792262772;0.2787210792262772;0.2835969749594425;0.2835969749594425;0.2787210792262772;0.2787210792262772;0.8429644568595673;0.5703931656760298;0.8380885611504408;0.5655172698463756;0.8429644570216765;0.5703931656760298;0.8380885611504408;0.5655172698463756;0.8429644570216765;0.5703931656760298;0.8380885611504408;0.5655172698463756;0.6437066024746645;0.3711353111254449;0.638830706591838;0.36625941528777284;0.8429644568595673;0.5703931656760298;0.8380885611504408;0.5655172698463756;0.8429644570216765;0.5703931656760298;0.8380885611504408;0.5655172698463756;0.8429644570216765;0.5703931656724569;0.8380885611504408;0.5655172698463756;0.6437066024746645;0.3711353111254449;0.638830706591838;0.36625941528777284;0.5703931656760298;0.5703931656760298;0.5655172698463756;0.5655172698463756;0.5703931656760298;0.5703931656760298;0.5655172698463756;0.5655172698463756;0.5703931656724569;0.5703931656760298;0.5655172698463756;0.5655172698463756;0.3711353111254449;0.3711353111478694;0.36625941528777284;0.36625941528777284;0.5703931656760298;0.5703931656760298;0.5655172698463756;0.5655172698463756;0.5703931656724569

Mean of total Error: 0.47604438418634976
