layers: [9, 12, 15, 10, 5, 4] whole_dataset
Training Iteration: 100000
Learning Rate: 0.05

Total Error for each data:
0.5265837152833508;0.5043739840225788;0.4284554430109744;0.6704553151466963;0.5265837152833508;0.5377258902017455;0.3522091764901383;0.703807221325863;0.5599356214625175;0.5377258902017455;0.3522091764901383;0.703807221325863;0.5599356214625175;0.5377258902017455;0.3522091764901383;0.703807221325863;0.5599356214625175;0.5377258902017455;0.3522091764901383;0.703807221325863;0.5599356214625175;0.5377258902017455;0.3522091764901383;0.703807221325863;0.5599356214625175;0.3522091764901383;0.3522091764901383;0.5599356214625175;0.5599356214625175;0.3522091764901383;0.3522091764901383;0.5599356214625175;0.5599356214625175;0.3522091764901383;0.3522091764901383;0.5599356214625175;0.5599356214625175;0.3522091764901383;0.3522091764901383;0.5599356214625175;0.5599356214625175;0.3522091764901383;0.3522091764901383;0.5599356214625175;0.5599356214625175;0.3522091764901383;0.3522091764901383;0.5599356214625175;0.5599356214625175;0.3522091764901383;0.3522091764901383;0.5599356214625175;0.5599356214625175;0.3522091764901383;0.3522091764901383;0.5599356214625175;2.2394861855118376E-4;0.6767759035512467;0.20452095377872492;0.6557561699714638;0.5118845701081183;0.6767759035512467;0.20452095377872492;0.6557561699714638;0.5118845701081183;0.6767759035512467;0.20452095377872492;0.6557561699714638;0.5118845701081183;0.523026745026513;0.1282746872578888;0.6891080761506305;0.545236476287285;0.4896748388473463;0.20452095377872492;0.6557561699714638;0.5118845701081183;0.4896748388473463;0.20452095377872492;0.6557561699714638;0.5118845701081183;0.4896748388473463;0.20452095377872492;0.6557561699714638;0.5118845701081183;0.523026745026513;0.1282746872578888;0.6891080761506305;0.545236476287285;0.20452095377872492;0.20452095377872492;0.5118845701081183;0.5118845701081183;0.20452095377872492;0.20452095377872492;0.5118845701081183;0.5118845701081183;0.20452095377872492;0.20452095377872492;0.5118845701081183;0.5118845701081183;0.1282746872578888;0.1282746872578888;0.545236476287285;0.545236476287285;0.20452095377872492;0.20452095377872492;0.5118845701081183;0.5118845701081183;0.20452095377872492

Mean of total Error: 0.4567804422390987
