layers: [9, 12, 15, 10, 5, 4] whole_dataset
Total Error for each data:
0.5436534713032879;0.7523828512927286;0.520070832971693;0.769295473427182;0.537176993142991;0.5114142457484645;0.27387907939163414;0.5427667698294067;0.30493725455634557;0.5044998310640555;0.26849646549366224;0.5350809697572392;0.3002389730105981;0.503709514606487;0.26458344253899535;0.5345425803348501;0.29680927534424184;0.5051675015641082;0.2679970143776559;0.5363651065252135;0.300820926601582;0.5033551311132158;0.2634667350831341;0.5354894206258911;0.29710225513126565;0.2816461946426223;0.2825944154836022;0.31093707633803636;0.3111978131616313;0.27637793730815696;0.277132885372922;0.30643603328429103;0.3072655664931805;0.2841467148509502;0.2840112972304909;0.31315535872076383;0.31224243003019536;0.2778952095337659;0.2783390987594836;0.3084055056145969;0.3083447068891858;0.2729216486924728;0.271243177455769;0.3033953767252191;0.30288995233014493;0.26929786955374413;0.26700056638273184;0.2997319314640614;0.2992916060708275;0.27406531048385174;0.2712680549037665;0.30490096513684817;0.3036183644056072;0.2691900787920779;0.26626954311263074;0.3007946164638553;0.29982075191012925;0.777105069695291;0.5361238007575819;0.7702598055111793;0.5369181975911892;0.7898737559222306;0.5432692646895267;0.7829716676725185;0.535866840360129;0.7716819558116712;0.5372225873596101;0.7673016955616885;0.5326763198777145;0.5723353786313727;0.3297189012252142;0.5781290650670021;0.33401849620664636;0.7976881458248704;0.5524136776316828;0.7902106376114628;0.5547092358368237;0.8049211161045409;0.5561112680791975;0.7951259738270062;0.5535513019102112;0.7882156068143042;0.5527651829870934;0.7888573702325945;0.5485486320111272;0.5724631320756841;0.33024980144675187;0.5820275063395237;0.3381868680975466;0.5419604733481482;0.5359938661206276;0.5278989661542766;0.5329089118193546;0.5400905248300218;0.5393590751930573;0.5379114197344248;0.5321852505582361;0.5354737496969242;0.5301550573178391;0.5247633616482164;0.525503312876197;0.3316998487052829;0.32850018127121805;0.3321480581368865;0.3314629036337977;0.5523050271104819;0.5493415149908665;0.5485743290192855;0.5525097214714974;0.5549895814737233

Mean of total Error: 0.45960348696649916
