layers: [9, 12, 15, 10, 5, 4] whole_dataset
Training Iteration: 10
Learning Rate: 0.05
Total Error for each data:
0.48471372290578796;0.789480453272795;0.522387916222877;0.7536131038840037;0.48275427463906395;0.6770297700170187;0.4128107730721253;0.6511701912594107;0.383802034268808;0.6807726777195535;0.4137981898800561;0.6504896858202766;0.38153930595955654;0.6794341779725865;0.4134784969354316;0.6533251873897283;0.38605496969109376;0.6784739199846058;0.4132700729544606;0.6512097744391104;0.38346540727238987;0.6769863647313863;0.4128951845198392;0.6538234422736561;0.38806052989719486;0.4149862839565285;0.414584988518219;0.3833565701261016;0.3814325528760434;0.4149343825837084;0.4141861745111588;0.3875330055760857;0.3849505816712263;0.4133723955437706;0.41324166026511167;0.3841421813805579;0.38251234677637014;0.413226701666047;0.41260601431410837;0.3882114938419021;0.38618662472041543;0.4148812616384232;0.4142068171566732;0.38605325402208424;0.38396079543611983;0.4154668239346715;0.4145314730892854;0.39102770827585387;0.38864867657972146;0.41338319946152435;0.41291876657356996;0.3871756313021947;0.3852680808994915;0.41392513032655975;0.4129638357456239;0.392316625340151;0.3901393908318327;0.7032607510368584;0.4395987219432854;0.6768453925500997;0.4113001345384918;0.7013939032717819;0.43863997863807846;0.6779142532448997;0.4123901526062782;0.7026828639327608;0.4393746247389171;0.6794711835334413;0.4135090450331239;0.5762147677141859;0.31585710127703825;0.5608066901411037;0.2985003277037507;0.7021790047515695;0.4388896419163878;0.6771509986949824;0.41130862882495256;0.6988773722235512;0.4376423184371069;0.6772770985363956;0.4136528021442888;0.7003718115263619;0.4385848373730692;0.6794407329167131;0.41513985767949413;0.5728727150954862;0.3133839937028814;0.5593055323202353;0.2970951939138433;0.43651706603757756;0.4381940182789674;0.41097192704190866;0.4114239083103213;0.4355562764128149;0.43700905762020303;0.4134142977901001;0.41159841639572214;0.4374517906449613;0.4383640396035231;0.4139580457238218;0.4135907907131663;0.3124653084200083;0.3140203537746681;0.2968646425503271;0.2979254754933037;0.4358212580427461;0.43723372249726644;0.41283423919930495;0.4123358061764151;0.434291244028433

Mean of total Error: 0.47103586520582647
