layers: [9, 12, 15, 10, 5, 4] partial_dataset
Total Error for each data:
0.5138522974855912;0.768365496588495;0.5112054914290423;0.7728529869613703;0.5105342942004758;0.621062213319981;0.3643980982603603;0.6265027690708664;0.36484017479973296;0.6224888219836805;0.36523777514914757;0.6266796482898261;0.36499078118428674;0.6206171490365162;0.3643708169348856;0.6268437079779231;0.3658584096880837;0.6228568707365847;0.3653686354191482;0.6271753772829559;0.3649325381017734;0.620929762551889;0.3645093326283281;0.6274256711454927;0.3657651353826803;0.3654467621804658;0.3662372576524172;0.36383828204931457;0.3619419851551756;0.3646097010231145;0.36544351924209295;0.3645167398938388;0.3625826457899626;0.36540852912487287;0.3662822234426574;0.3643208302468325;0.3619749724041502;0.3645940062671462;0.3655051154111515;0.3646971877422165;0.36233832205865113;0.3654056071339632;0.3661561246871985;0.36494803032884715;0.3628649652167991;0.36449533183889393;0.3653628016778847;0.365503302807094;0.36336451168805084;0.3655601823839151;0.36632337762044387;0.36504228282565265;0.3626148721995587;0.364657679581332;0.36553730651097827;0.36563270525594094;0.36316408870797157;0.7265045972164176;0.4675155301255818;0.7265592649753376;0.462522328226016;0.7256666386816423;0.46677732943815764;0.7277132017943614;0.4641592155803935;0.7265071087636596;0.4675365433919141;0.7266619865141442;0.4625316930229251;0.5754844311656471;0.3161248345378974;0.5771395786099683;0.31240277559427254;0.7257992536271964;0.4660609709399788;0.7264975147363054;0.4625397063612501;0.723723312154498;0.46621997666323134;0.7276222147472455;0.4640952583102923;0.7248400057342481;0.46583701044942905;0.72642945055245;0.46250980383585827;0.5748677520163189;0.3156956024168346;0.5773093518460253;0.31327693977817506;0.4673895201248919;0.46921061621866944;0.4636207291533827;0.4614566184217388;0.4676748499946961;0.4694653214758624;0.46570111247957247;0.4631659575410382;0.4674396100219944;0.4688040725959861;0.463291839876781;0.46129418053558524;0.3164596578505351;0.31775027980228376;0.31277972613713356;0.31066834090163553;0.4663997550112775;0.4676949601952113;0.4633964196760809;0.461530070148943;0.4661960077473376

Mean of total Error: 0.46965960303160004
