layers: [5, 8, 10, 5, 3] whole_dataset_layer_alternative
Training Iteration: 100000
Learning Rate: 0.05

Total Error for each data:
-0.05538201289712861;-0.7821463840202124;-0.13498448053883397;-1.067063698919873;-0.05033954189561917;-0.05033874719175912;-0.050338441421521544;-0.050338534303296704;-0.05033990143857458

Mean of total Error: -0.25458574918075766
