layers: [5, 5, 3] whole_dataset
Training Iteration: 100000
Learning Rate: 0.05

Total Error for each data:
2.2060344599294599E-4;2.226007037377485E-5;1.8063568041721126E-6;5.692695835228514E-6;3.8154554142169466E-7;4.3113248405741516E-7;1.1361892142182607E-5;1.5085451677009567E-6;3.918287530681892E-7

Mean of total Error: 2.938194589939471E-5
