layers: [5, 8, 10, 5, 3] partial_dataset_layer_alternative
Training Iteration: 100000
Learning Rate: 0.05

Total Error for each data:
1.612545896919966E-5;2.380507333210625E-4;7.932564180230143E-5;0.5001897969797475;3.187176783894494E-5;3.187176783889617E-5;3.188559109205171E-5;3.188559109205141E-5;3.1871767838912624E-5

Mean of total Error: 0.05563140947772676
