layers: [5, 8, 10, 5, 3] whole_dataset_layer_alternative
Training Iteration: 100000
Learning Rate: 0.05

Total Error for each data:
4.851863383337969E-5;8.644164863730493E-6;5.499838587676102E-6;7.3844428224229325E-6;8.212335664836701E-7;1.6159374265356519E-6;1.9217076641098174E-6;1.8288258889498366E-6;4.616906110754826E-7

Mean of total Error: 8.521830584929297E-6
