layers: [8, 10, 6, 4, 2] whole_dataset
Training Iteration: 100000
Learning Rate: 0.05

Total Error for each data:
2.539689459313988E-7;1.9980411239492966E-7;1.935717896344322E-7;1.9325285253842743E-7;-0.04905269692087026;-0.04905270616652979;-0.049052709484505456;-0.04905270978466018;1.9059414591309298E-7;1.9066917158160502E-7;1.917584398453796E-7;1.9125559609830396E-7;-0.04905271170511985;-0.04905271138240963;-0.049052710800513044;-0.04905271168543968;1.9814766471521835E-7;3.414867120297491E-7;1.9180342984485912E-7;1.9061777379307948E-7;-0.04905271258206941;1.9043725354135357E-7;-0.04905271200509015;1.9038118176033292E-7;1.915845497904459E-7;1.9059631816170654E-7;1.9189576959450868E-7;1.9144182070140978E-7;1.8971514875923863E-7;1.8969724019302844E-7;1.9115043966396945E-7;1.9077553201129408E-7;-0.6085012705778143;-0.6084990302758118;-0.35183838863768946;-0.608500785917268;-0.3057165553560757;-0.3057074137830045;-0.04905239884606235;-0.6085011022281512;-0.3057161821122013;-0.30571064206092036;-0.04905270277176208;-0.16469328623841328;-0.16665489215212848;-0.0490527054670958;-0.04905271274435104;-0.6085017595670155;-0.6085003337923616;-0.608499970357959;-0.3518357886684707;-0.16468765060587845;-0.1666527959421896;-0.04905269550123208;-0.04905270231252491;-0.6085018402482549

Mean of total Error: -0.1471796118584993
