layers: [8, 10, 6, 4, 2] partial_dataset
Training Iteration: 100000
Learning Rate: 0.05

Total Error for each data:
0.3775579084439671;0.3775579084439671;0.3775579084439671;0.3775579084439671;0.3775579084439671;0.3775579084439671;0.3775579084439671;0.3775579084439671;0.3775579084439671;0.3775579084439671;0.3775579084439671;0.3775579084439671;0.004110624106859782;0.004110624106859782;0.007890977012954352;0.007890977012954352;0.3775579084439671;0.3775579084439671;0.3775579084439671;0.3775579084439671;0.3775579084439671;0.3775579084439671;0.3775579084439671;0.3775579084439671;0.3775579084439671;0.3775579084439671;0.3775579084439671;0.3775579084439671;0.004110624106859782;0.004110624106859782;0.007890977012954352;0.17000702800189113;0.15814879690561687;0.15814879690561687;0.19157581261036727;0.15814879690561687;0.3441308927392167;0.3441308927392167;0.3775579084439671;0.15814879690561687;0.3441308927392167;0.3441308927392167;0.3775579084439671;0.38227251985764255;0.007890977012954352;0.007890977012954352;0.007890977012954352;0.15814879690561687;0.15814879690561687;0.15814879690561687;0.19157581261036727;0.19157581261036727;0.3775579084439671;0.3775579084439671;0.3775579084439671;0.15814879690561687

Mean of total Error: 0.26395872562986866
