layers: [8, 10, 6, 4, 2] whole_dataset
Training Iteration: 100000
Learning Rate: 0.05

Total Error for each data:
3.1207750371220216E-12;2.0266661977678803E-12;3.1207750371220216E-12;2.026666197702329E-12;0.049052902721725494;0.049052902721725494;0.049052902721725494;0.049052902721725494;3.1207750371220216E-12;2.0266661977678803E-12;3.1207750371220216E-12;2.026666197702329E-12;0.049052902721725494;0.049052902721725494;0.049052902721725494;0.049052902721725494;3.1207750371220216E-12;2.0266661977678803E-12;3.1207750371220216E-12;2.026666197702329E-12;0.049052902721725494;2.026666197702329E-12;0.049052902721725494;2.026666197702329E-12;3.1207750371220216E-12;2.0266661977678803E-12;3.1207750371220216E-12;3.1207750371220216E-12;3.1207750371220216E-12;2.026666197702329E-12;3.1207750371220216E-12;3.1207750371220216E-12;0.6085028802982655;0.6085028802982655;0.3518391611497558;0.6085028802982655;0.3057166218702352;0.3057166218702352;0.049052902721725494;0.6085028802982655;0.3057166218702352;0.3057166218702352;0.049052902721725494;0.16469502535922742;0.16665508520560357;0.049052902721725494;0.049052902721725494;0.6085028802982655;0.6085028802982655;0.6085028802982655;0.3518391611497558;0.16469502535922742;0.16665508520560357;0.049052902721725494;0.049052902721725494;0.6085028802982655

Mean of total Error: 0.14718061637324226
