layers: [8, 15, 20, 25, 17, 10, 4, 2] partial_dataset_layer_alternative
Training Iteration: 100000
Learning Rate: 0.05

Total Error for each data:
0.030933795467672366;0.030933795467672366;0.030933795467672366;0.030933795467672366;0.030933795467672366;0.030933795467672366;0.030933795467672366;0.030933795467672366;0.030933795467672366;0.030933795467672366;0.030933795467672366;0.030933795467672366;0.030933795467672366;0.030933795467672366;0.030933795467672366;0.030933795467672366;0.030933795467672366;0.030933795467672366;0.030933795467672366;0.030933795467672366;0.030933795467672366;0.030933795467672366;0.030933795467672366;0.030933795467672366;0.030933795467672366;0.030933795467672366;0.030933795467672366;0.030933795467672366;0.030933795467672366;0.030933795467672366;0.030933795467672366;0.030933795467672366;0.6791736780410726;0.6791736780410726;0.355033373096516;0.6791736780410726;0.355074100412229;0.355074100412229;0.030933795467672366;0.6791736780410726;0.355074100412229;0.355074100412229;0.030933795467672366;0.355033373096516;0.030933795467672366;0.030933795467672366;0.030933795467672366;0.6791736780410726;0.6791736780410726;0.6791736780410726;0.355033373096516;0.355033373096516;0.030933795467672366;0.030933795467672366;0.030933795467672366;0.6791736780410726

Mean of total Error: 0.16984234173340104
