layers: [8, 10, 6, 4, 2] whole_dataset
Training Iteration: 100000
Learning Rate: 0.05

Total Error for each data:
2.5397206670643593E-7;1.9980613906112741E-7;1.935749104094693E-7;1.9325487920462514E-7;2.0580085523274473E-7;1.9655519570602702E-7;1.9323722003938198E-7;1.92937065315034E-7;1.905972666881301E-7;1.9067119824780278E-7;1.9176156062041673E-7;1.9125762276450167E-7;1.910166056436396E-7;1.913393158667931E-7;1.9192121245053737E-7;1.9103628580935673E-7;1.9815078549025547E-7;3.4148873869594683E-7;1.9180655061989625E-7;1.9061980045927718E-7;1.901396560843732E-7;1.9043928020755127E-7;1.9071663534738396E-7;1.9038320842653062E-7;1.91587670565483E-7;1.905983448279043E-7;1.918988903695458E-7;1.914449414764469E-7;1.8971826953427575E-7;1.8969926685922614E-7;1.9115356043900657E-7;1.907786527863312E-7;1.6097204511567043E-6;3.850022453733004E-6;7.725120663084489E-7;2.0943809975193517E-6;6.65141594304033E-8;9.208087230729398E-6;5.038756631476452E-7;1.77807011425557E-6;4.3975803387944183E-7;5.979809314806942E-6;1.9994996341292116E-7;1.7391208141363218E-6;1.9305347508572524E-7;1.9725462969449055E-7;1.8997737445820206E-7;1.1207312500260969E-6;2.546505903922025E-6;2.9099403064947182E-6;3.372481285075779E-6;7.374753348967939E-6;2.289263413977493E-6;2.0722049341720265E-7;2.0040920058423795E-7;1.0400500105589572E-6

Mean of total Error: 1.0045147429774015E-6
