layers: [5, 9, 15, 20, 12, 8, 6] partial_dataset_layer_alternative
Training Iteration: 100000
Learning Rate: 0.05

Total Error for each data:
0.005785511121794187;-0.8649840151403526;0.11759046839618481;-0.3039017266503576;-0.3039023085694389;-0.8392151757655588;-0.7836552120256381;-0.7353437128811644;-0.7353553238414848;-0.53486824158368;-0.024220479810362378;-0.024253266339617736;-0.024262099872428014;-0.5348669571870092;-0.4824462923200328;-5.535044731022434E-4;-3.774984795100701E-4

Mean of total Error: -0.35698999031892686
