layers: [5, 9, 15, 20, 12, 8, 6] partial_dataset_layer_alternative
Training Iteration: 100000
Learning Rate: 0.05

Total Error for each data:
0.006471194002684062;2.552994964495075E-4;0.14188836500660998;1.157118230022367E-5;1.0989263218920395E-5;0.026024123709400243;0.029280852932289377;0.0010994249051704012;0.0010878139448499908;2.7357425519625167E-5;1.4357535901120416E-5;4.4630270778174776E-5;3.579673796789759E-5;2.8641822190422772E-5;1.4607217213519251E-4;1.3217840778763165E-4;3.081844013798049E-4

Mean of total Error: 0.012168638424507796
