layers: [5, 5, 6] partial_dataset
Training Iteration: 100000
Learning Rate: 0.05

Total Error for each data:
-0.07454879411460175;-2.7457269043311313E-4;4.7296342300997784E-5;-0.07168503043330907;-0.4979184471915588;0.007993537916823971;-0.23302602632368064;-0.359419171961866;-0.32546014064416484;7.524496298503538E-4;1.5521376475179484E-5;0.0014950831134406674;-1.4939232206021848E-4;-0.010427494869596725;0.06024986539973951;2.2456127106326908E-5;0.0021379639885134617

Mean of total Error: -0.0882467586268836
