layers: [5, 9, 15, 20, 12, 8, 6] whole_dataset_layer_alternative
Training Iteration: 100000
Learning Rate: 0.05

Total Error for each data:
2.761745012335862E-5;6.576415153259385E-5;1.1601739908918578E-5;1.6692906428997092E-5;1.5298375388495165E-5;4.755410347813722E-5;4.1113314174631166E-5;2.0296264553944334E-5;4.0187954512901383E-5;6.510898412415145E-6;2.75996495065578E-5;1.2093975868557572E-5;1.472671263994513E-5;6.591665675514946E-6;5.533273411974568E-6;2.5558471460666448E-5;2.3300849282278886E-5

Mean of total Error: 2.4002456256463998E-5
