layers: [5, 5, 6] whole_dataset
Training Iteration: 100000
Learning Rate: 0.05

Total Error for each data:
3.9718034355061484E-4;3.0241125764761E-4;1.6125523262780419E-4;1.530195393888017E-4;1.2116049365699453E-4;9.609001742155118E-4;4.2861441834972006E-5;8.402931880611161E-4;0.004873135120317776;4.893846591476502E-4;1.0751634670008188E-5;5.6878074406085365E-5;1.4018269948308282E-4;1.2295251684598779E-4;2.726561851632031E-4;1.7259017951658804E-4;4.2601937246695705E-4

Mean of total Error: 5.613901242941626E-4
