layers: [5, 9, 15, 20, 12, 8, 6] whole_dataset_layer_alternative
Training Iteration: 100000
Learning Rate: 0.05

Total Error for each data:
0.43290371677715833;0.6365961921445564;0.514908849745193;0.5145548717991637;0.5145548717991637;0.6365961921445595;0.38228505250778005;0.3819310745617506;0.3819310745617506;1.203240931961057;0.5145548717991637;0.514908849745193;0.514908849745193;1.203240931961057;0.9489297923242808;0.43290371677715833;0.43290371677715833

Mean of total Error: 0.597756091595961
