layers: [5, 5, 6] partial_dataset
Training Iteration: 100000
Learning Rate: 0.05

Total Error for each data:
0.11470153599967581;4.7438825106051023E-4;7.5872678459760965E-6;0.07172313363122147;0.4979184515818468;7.380801258026262E-4;0.23302753174597152;0.3793035315644112;0.5001911048979107;1.1604942484062271E-5;1.681210043411112E-4;2.1237969433203247E-4;2.4397168863525524E-4;0.01075509686655786;0.03347886353280596;9.477624475462246E-7;6.9980689228948925E-6

Mean of total Error: 0.1084096075662514
