layers: [5, 9, 15, 20, 12, 8, 6] partial_dataset_layer_alternative
Training Iteration: 100000
Learning Rate: 0.05

Total Error for each data:
6.85682880889875E-4;0.8652393146368021;0.02429789661042517;0.3039132978326578;0.3039132978326578;0.865239299474959;0.8129360649579275;0.7364431377863349;0.7364431377863349;0.5348955990091996;0.0242348373462635;0.02429789661039591;0.02429789661039591;0.5348955990091996;0.48259236449216797;6.85682880889875E-4;6.85682880889875E-4

Mean of total Error: 0.36915862874343464
