layers: [5, 5, 6] partial_dataset
Training Iteration: 100000
Learning Rate: 0.05

Total Error for each data:
0.04015274188507406;1.998155606273971E-4;5.488361014697388E-5;3.810319791240439E-5;4.390287965016021E-9;0.008731618042626597;1.5054222908685973E-6;0.01988435960254522;0.1747309642537459;7.640545723344161E-4;1.836423808162907E-4;0.0017074628077726997;9.457936657503674E-5;3.2760199696113546E-4;0.09372872893254547;2.340388955387313E-5;0.0021449620574363567

Mean of total Error: 0.020162848939367803
