layers: [3, 6, 15, 24, 17, 9, 7] partial_dataset_layer_alternative
Training Iteration: 100000
Learning Rate: 0.05

Total Error for each data:
0.29357521080531973;9.60614806830543E-5;1.5751864440392182E-4;5.145874599756455E-5

Mean of total Error: 0.07347006241910106
