layers: [3, 6, 7] whole_dataset
Training Iteration: 100000
Learning Rate: 0.05

Total Error for each data:
1.1848077206771097E-4;1.0622011391293985E-4;2.2460179519326977E-4;1.1021346773197794E-4

Mean of total Error: 1.3987903722647465E-4
