layers: [3, 6, 7] partial_dataset
Training Iteration: 100000
Learning Rate: 0.05

Total Error for each data:
1.1047168386239088E-5;0.00110356528243429;0.003326833100905117;9.98075030434794E-4

Mean of total Error: 0.00135988014554011
