layers: [3, 6, 10, 15, 10, 8] partial_dataset_layer_alternative
Training Iteration: 100000
Learning Rate: 0.05

Total Error for each data:
4.713658195877589E-5;3.4383051813509306E-5;2.3515915276531687E-4;0.06386891470477006

Mean of total Error: 0.016046398372826915
