layers: [9, 15, 20, 17, 10] partial_dataset_layer_alternative
Training Iteration: 100000
Learning Rate: 0.05

Total Error for each data:
-2.0652567018650543;-1.0652496723573035;-1.3283103150244133;-2.301852847342224;-2.5649246696991557;-2.3018733371399938;-2.564924498760668;-2.3018718397275224;-2.564924033437385;-1.8018219311708688;-2.064922148372101;-1.8018745745930567;-2.0649236046775505;-1.8018697781171051;-2.0649223314173857;-1.8018648320723027;-2.0649208678039113;-1.3018570264550569;-1.5649169564585816;-2.3018733547314865;-2.5649253733861386;-2.3018714801343907;-2.5649253249502846;-2.3018674323060955;-2.564925259989882;-1.8018709622128155;-2.064923551199297;-2.0652648511570115;-2.0652646911278074;-2.0652639511092796;-2.0652613956651558;-2.0652630225569064;-2.0652599556226576;-1.06524044367493;-1.3283149627153685;-2.06526494345986;-2.065263719784301;-2.0652628959926225;-2.0652516603455044;-2.065262192777186;-2.06524512389731;-1.0652620723221569;-1.3283162708939762;-1.5652652735493744;-1.565264162255725;-1.5652573442421454;-1.5652574227336058;-1.5652575464888279;-1.5652541228728056;-0.5651936441489831;-0.828305208888404;-2.065258645029331;-2.0650306791762203;-2.0652574333376683;-2.065149254945751;-2.065238201098656;-2.0638557530822763;-1.0652517397712002;-1.3282718209401803;-1.9944590001598017;-1.9944612463706108;-1.9944611348702537;-1.9944612687326357;-1.9944610597909003;-0.9944481529566913;-1.2575004010137456;-2.2310696180802614;-2.231069315181952;-2.2310689661042313;-2.2310697266758988;-2.231065315428143;-2.231068060652425;-1.2310688664518457;-1.494101390525528;-1.7189770272190446;-1.7310702685694281;-1.7310703673134342;-1.7310698493114738;-1.730150092825345;-1.7310696371970522;-0.7310641424625933;-0.9941165513187402;-2.2310685870970373;-2.231069738600789;-2.2310686405804527;-2.231069371200337;-2.2310695025553593;-2.231069932111262;-1.23106833788393;-1.4941144941055564;-1.9944611273525041;-1.9944602514481635;-1.994460728324799;-1.9944611894589734;-1.9944611705640616;-1.9944608699820066;-0.9944604936514475;-1.2575062218749848;-1.9944605112796217;-1.9944606184939229;-1.9944606802846938;-1.9944609143763221;-1.9944584524141524;-1.9944605745195916;-0.9944563938701814;-1.2575085777678008;-1.4944581217572155;-1.494458891260359;-1.494460204122914;-1.4944602370188904

Mean of total Error: -1.8360019218566768
