layers: [9, 9, 10] whole_dataset
Training Iteration: 100000
Learning Rate: 0.05

Total Error for each data:
4.416775095050451E-5;4.2756288705934695E-6;2.99579733070476E-5;8.286790576418676E-6;7.132016994854175E-6;6.1948809799942E-6;5.52817112937748E-6;6.78728754340699E-6;6.681460606732424E-6;1.396965228677294E-5;2.545110431698417E-7;7.646981773803106E-6;3.589967649087839E-6;6.58717032080783E-6;2.781971059335101E-6;6.68497706250385E-6;3.404386494923943E-6;7.689802793463144E-6;1.8897029570745202E-6;6.600931682077924E-6;1.5203013038274684E-5;1.1983464932778981E-5;3.6893209910919085E-5;1.6460405488218355E-5;5.8126844001272515E-5;2.484866364457907E-6;5.493424453519343E-6;8.41942391834392E-6;1.1973822425695914E-5;6.6423819000857436E-6;5.224960330187362E-6;6.505210354068088E-6;5.0974697910977714E-6;6.5549821329835415E-6;5.737101277241738E-6;1.3980995816348847E-6;1.1413378568211452E-5;5.004390698328069E-6;9.607050865543309E-6;4.247535980996063E-6;8.603691782476454E-6;9.684616986585557E-7;6.601159980987217E-6;4.658597470862539E-6;2.2595751540795074E-6;7.39806035443875E-6;3.1374565645684705E-6;6.770655408981684E-6;2.888435114214556E-6;1.5330994900353982E-6;1.0131848873014089E-6;2.2372373722817116E-5;7.335436668845011E-5;8.7646784433176E-6;5.872614244677152E-5;5.114075472076839E-5;1.233270705161977E-4;1.1403020694299743E-5;0.4994077289632068;3.7025884597153025E-6;4.580491912456017E-6;5.514683206111744E-6;4.2863066710640595E-6;8.609866983198703E-6;1.570378636349305E-5;8.573272366984596E-5;3.0660426256670667E-6;4.030105177147447E-6;5.165757422609716E-6;1.3870327908076827E-5;2.45647509058572E-6;4.497850087004859E-6;6.595714999877121E-6;3.6363627915905034E-6;1.4768389109938695E-4;6.891742953271693E-6;1.9458285138584425E-5;5.5505265739684806E-5;1.9253725693751385E-5;1.3591372420405562E-5;7.101955490911006E-6;6.747785274256316E-6;3.817979245098059E-5;2.999958731245134E-5;2.9943729628823083E-5;1.538364771249237E-5;7.100264735142698E-6;1.1056483053495733E-5;1.0293730913836447E-5;2.9525371725467945E-5;2.510286690420365E-6;8.675172179389528E-6;3.92899271147911E-6;3.965218454563802E-6;2.9573883943896494E-6;1.0362813944843717E-5;1.3046237534240097E-5;1.2942147222071444E-4;1.0196590102114058E-6;9.388092433586561E-7;3.877969559282749E-6;2.7084385557552548E-6;6.274286012662049E-6;1.8930311338007406E-6;3.2472628396087675E-6;5.714730835480856E-6;5.906144067066891E-6;3.070375115506324E-6;1.069114974017204E-4;2.1321390925585507E-5

Mean of total Error: 0.004556128633563486
