layers: [8, 10, 15, 17, 13, 9] partial_dataset_layer_alternative
Training Iteration: 100000
Learning Rate: 0.05

Total Error for each data:
-0.22363167325746408;-0.22363159439317187;-0.42426694526469355;-0.2998677196109827;-0.29986754177168906;-0.2998665176690319;-0.4242655420602429;-0.2236289782461057;-0.22363168762625993;-1.1127016793880344;-0.42426764460321864;-0.29986749168305776;-0.2998672739858034;-0.29986598932557035;-1.385394085117186;-1.0755638194298334;-1.0755769863896925;-1.0755831708668286;-1.2402032242071184;-0.7308555877791707;-0.7308555894054323;-1.1321565647273528;-1.3853935322905013;-1.0755703464066977;-1.0755788830631101;-1.0755831274942071;-1.2402021756927732;-0.7308555160355017;-0.7308555503876741;-1.1321558653876298;-0.6775347760040711;-0.49525346594072406;-0.49525536381626567;-0.49525720074482144;-0.8926364891725809;-0.6393934522389414;-0.6393859454459822;-0.6393913809394524;-0.6775316030960463;-0.4952573419951839;-0.4952568962027646;-0.49525661351709477;-0.8926365494119158;-0.6393929441159111;-0.6393914721648818;-0.6393949029852947;-0.5988259468326108;-0.28901785194606405;-0.28901724853457467;-0.2890178574037519;-0.5988225884464883;-0.3455861037469561;-0.3455867923462099;-0.34558628732222263;-0.5988261288888377;-0.2890176836254945;-0.2890177472753694;-0.2890178707456617;-0.5988240145997291

Mean of total Error: -0.6285763190351175
