layers: [8, 10, 15, 17, 13, 9] whole_dataset_layer_alternative
Training Iteration: 100000
Learning Rate: 0.05

Total Error for each data:
2.766976068509415E-6;1.7543433511537364E-6;2.9973531853464426E-6;2.1880118787080553E-6;1.7609378698503779E-6;1.321661961555812E-6;3.3476284992680284E-6;3.3380554105163772E-6;2.9181027385366704E-6;1.681415965673052E-6;2.3616941954444475E-6;1.9758835803247704E-6;1.6933785859159119E-6;1.7200326604120156E-6;6.1176483738054145E-6;9.467010504564999E-6;6.4309643020299285E-6;3.59573236825209E-6;1.0965699276556557E-5;3.055779897188378E-6;2.9218494937030386E-6;2.4922376973999934E-6;5.5437764316836216E-6;5.4287682052286805E-6;4.640071393036268E-6;2.4498636696810974E-6;7.973774990185919E-6;3.0056411985341002E-6;2.922527541063108E-6;2.048851746472983E-6;3.4334131479732785E-6;3.91125457308073E-6;4.628438702904017E-6;2.1955065898255578E-6;4.757059848616994E-6;8.747303165378314E-6;4.369286044096416E-6;3.099845185246309E-6;5.352316865519272E-6;3.383284637152394E-6;2.388195098583869E-6;2.636467980091432E-6;3.7894831293667153E-6;5.458223484693619E-6;4.040008842167504E-6;2.636375092081849E-6;1.996340459248224E-6;1.1023368621919052E-6;1.6745332199787132E-6;1.104056414444863E-6;3.842047665512337E-6;2.723654629742737E-6;2.150566526281323E-6;3.5415842561478087E-6;1.4828007896890662E-6;8.170995165369767E-7;1.6536244717797926E-6;1.2363828369959442E-6;3.0606074490413947E-6

Mean of total Error: 3.425385941101197E-6
