layers: [6, 15, 20, 13, 7] whole_dataset_layer_alternative
Training Iteration: 100000
Learning Rate: 0.05

Total Error for each data:
-1.4018865696041116E-5;-1.4041874869622419E-5;5.055068587685373E-7;-2.2263434837495506E-5;-7.358897060699602E-6;-5.766970781960807E-6;-3.821224316465914E-5;2.5846888734113427E-6;-6.057210875122491E-6;3.4388570036741347E-7;-6.857904716240891E-6;-7.843437990741391E-7;-4.4748995042775754E-5;-4.0112159504346436E-5;-8.197352321937344E-6;-4.354755853993404E-5;-4.111831690389883E-5;-4.615466196338241E-5;-3.935466276949557E-5;-8.444959430414701E-5

Mean of total Error: -2.298054828591431E-5
