layers: [6, 15, 20, 13, 7] partial_dataset_layer_alternative
Training Iteration: 100000
Learning Rate: 0.05

Total Error for each data:
6.05838765500043E-7;6.732471447953545E-7;5.188262189523004E-6;5.915453746305427E-6;-3.1154291228650254E-6;4.6487697609611815E-6;-1.0846310389426039E-5;-5.393220803759365E-6;3.2404045134235555E-6;2.3953936057026506E-6;3.669043706917526E-6;6.5259659850447865E-6;8.324917135784039E-4;-0.01131643582801284;2.5624934138164946E-4;1.3551443526807362E-5;0.0019386878660286415;6.008387320594106E-4;8.445887482727893E-7;1.6039070998337824E-6

Mean of total Error: -3.829330408243849E-4
