layers: [6, 15, 20, 13, 7] partial_dataset_layer_alternative
Training Iteration: 100000
Learning Rate: 0.05

Total Error for each data:
1.6316298094224782E-6;1.613392578235264E-6;1.5358742264206125E-5;1.1390214466847357E-5;2.6887224895567432E-6;5.9794220684318385E-6;2.0618226985166734E-6;2.631250519318068E-6;3.3644164445553206E-6;2.9746512214642745E-6;4.687508004681933E-6;8.893048277079441E-6;8.703842417492173E-4;0.0027351335687031777;2.623073006186053E-4;3.1127080138161815E-5;0.0019554274814866097;6.03634875818814E-4;1.9760109392546674E-6;8.023305012417796E-6

Mean of total Error: 3.2656443426542863E-4
