layers: [6, 6, 7] whole_dataset
Training Iteration: 100000
Learning Rate: 0.05

Total Error for each data:
1.9965771716317883E-6;3.931141682839011E-6;1.3844975736877524E-5;1.2155847941347394E-5;2.663552603191186E-6;6.694103154991631E-6;1.2361649095480997E-5;1.851389315553849E-5;1.4485987996478315E-6;5.310740139544606E-7;3.015082182379854E-5;4.357533021291703E-5;4.536181880404738E-5;4.274099072688291E-5;3.4758250428953096E-5;2.857994729697987E-5;3.536458805641301E-5;2.881266080190617E-5;1.003863631959897E-5;1.2075260104493984E-5

Mean of total Error: 1.9279985896574567E-5
