layers: [7, 15, 20, 13, 8] whole_dataset_layer_alternative
Training Iteration: 100000
Learning Rate: 0.05

Total Error for each data:
1.4281836332724822E-6;-4.4145553973373323E-4;-0.07814337829102873;-0.5832702686781294;7.856581984089996E-7;-0.8125165325915142;-0.32276564072824915;-0.2771796272249965;-0.3227622687775087;-0.7815353635468256;-0.10903765783041643;-0.10903677934996445;-0.4903161431868001;-0.6443789207154094;-0.10903681478004675;-0.00851033443001541;-0.49031764710112274;-0.18487240228911644;-0.2597830808046035;-0.008508744765134793;-0.5233754753014935;-0.8767801038464372;-1.9787313662431942;-0.04085382912027311;-8.238064046130616E-4;-2.2895841499656555;-3.6953197555777815E-4;-1.9681997597785195;-9.923539151414316E-5;-1.0000109978474978;-3.6864123934177807E-4;-1.0318649680570402E-4;-1.0304724047085248E-4;-0.1716352906819445;-1.0162291491650228E-4

Mean of total Error: -0.41267288260677193
