layers: [7, 15, 20, 13, 8] whole_dataset_layer_alternative
Training Iteration: 100000
Learning Rate: 0.05

Total Error for each data:
1.4917107682557372E-6;6.073803980454609E-6;2.420264037148379E-6;2.576288436441052E-6;7.862661497382841E-7;1.382845150675132E-5;3.2970192525265706E-6;4.533765560088133E-6;6.668969992958269E-6;6.838890151587438E-6;2.374819575926967E-6;3.2533000278995177E-6;5.200970673348285E-6;7.311987047368442E-6;3.2178699455966905E-6;5.989015801193589E-6;3.6970563507397804E-6;1.0704175825614886E-5;5.166268515718828E-6;7.578680681810792E-6;5.611968289564925E-6;1.5983396235459177E-5;2.3234404759938784E-6;4.682019639438357E-6;1.7754205788102686E-6;5.4702471604201475E-6;5.665945137346722E-7;1.5162994481350352E-6;4.339248630684385E-6;3.330192546222108E-6;1.4573307297347534E-6;3.881433391235296E-7;5.273996739750719E-7;2.7948713457376122E-6;1.9517252283252707E-6

Mean of total Error: 4.449367774757909E-6
