layers: [7, 7, 8] partial_dataset
Training Iteration: 100000
Learning Rate: 0.05

Total Error for each data:
2.9084870283501987E-6;2.2739479934474357E-6;1.1738963081755518E-5;8.047422244060892E-6;1.39105510186163E-6;0.01506851730394079;4.0998202739805144E-5;1.0825251117006065E-4;3.678768050956748E-4;4.64456350841744E-5;4.9961529095874296E-5;2.991278559543743E-5;5.849448336913404E-5;2.433569930081402E-4;2.369149606609718E-5;1.5330111590631305E-5;9.641833064296668E-6;3.0782036257458696E-5;6.645218899097001E-6;9.716521653018665E-5;8.612940502694979E-5;0.002289302578322555;8.050954139458253E-6;7.36863916502204E-6;6.967441736058443E-6;1.3191200096343547E-4;8.859230895869821E-6;1.0678422313620913E-4;0.004320788844350468;6.054818843653212E-5;1.1756407205528217E-4;1.6958227330248893E-6;1.226148612126752E-5;3.291616061254302E-5;1.4068758188633927E-5

Mean of total Error: 6.693899955097039E-4
