layers: [7, 15, 20, 13, 8] whole_dataset_layer_alternative
Training Iteration: 100000
Learning Rate: 0.05

Total Error for each data:
6.352713498325488E-8;4.4752934371418787E-4;0.07814579855506587;0.5832728449665658;6.079513292844647E-10;0.812530361043021;0.32276893774750165;0.2771841609905566;0.32276893774750165;0.7815422024369773;0.10904003264999235;0.10904003264999235;0.49032134415747347;0.6443862327024568;0.10904003264999235;0.008516323445816603;0.49032134415747347;0.18488310646494205;0.2597882470731192;0.008516323445816603;0.523381087269783;0.8767960872426727;1.9787336896836702;0.040858511139912554;8.255818251918719E-4;2.289589620212816;3.700985700715128E-4;1.9682012760779677;1.0357464014482755E-4;1.000014328040044;3.700985700715128E-4;1.0357464014482755E-4;1.0357464014482755E-4;0.17163808555329024;1.0357464014482755E-4

Mean of total Error: 0.4126773319745467
