layers: [6, 7, 5, 3] partial_training_data
Total Error for each data:
0.2906367526682243;0.28175425836175005;0.42501665336323846;0.29039400938682647;0.42136880358199047;0.2877164092894451;0.43595611148511226;0.2898284951534862;0.2871501494110529;0.28730998574156397;0.4424690334091732;0.32481502616676217;0.4446583924886429;0.3273878999093425;0.4430775095667916;0.31939823629230313;0.32649453035336506;0.3258159390665343;0.46288705191872825;0.341911222839816

Mean of total Error: 0.35280232352270746
