layers: [6, 7, 5, 3] partial_training_data
Total Error for each data:
0.9202572648848221;0.9266868552735527;0.3491264366636604;0.6294331491647651;0.3465659392868834;0.6315261185021477;0.3454477824818679;0.6318985656226168;0.6206338937855788;0.6321850687964724;0.3721474595200096;0.6306427823460261;0.36940416708444523;0.6322947443322066;0.3715752307110557;0.631296088746657;0.6444149469804792;0.635641708005868;0.0660892527016631;0.33011143951006006
Mean of total Error: 0.535868944720042
