layers: [6, 7, 5, 3] whole_dataset
Total Error for each data:
0.2972857767122439;0.30496795314932656;0.40159318994022053;0.2970677539974109;0.4107266916515142;0.28686292062143304;0.4081265571333703;0.30671747616270384;0.3373362781615783;0.2990901592678221;0.45471677146012235;0.331450768078267;0.46601552123316825;0.3302068148853925;0.44740186504801827;0.32967464895888066;0.3258457143940938;0.3215174768058997;0.45088314200798774;0.28187377430036387

Mean of total Error: 0.3544680626984909
