layers: [9, 12, 15, 10, 5, 4] partial_training_data
Total Error for each data:
0.5927063881055572;0.768027711738791;0.527226178556476;0.8305324490532078;0.5948766258641474;0.5412058291598325;0.2974667164419218;0.6036680719253646;0.36492373971103476;0.5427717628270252;0.2973941586490203;0.6026531022827841;0.3630046108562146;0.5432371710426578;0.29616982340207487;0.6036490115882587;0.36296100123865216;0.5410501642761938;0.29812828222500176;0.6019187334921612;0.36482020333628196;0.5417562134846592;0.29610650099848446;0.6030365771865025;0.36412518943565475;0.2989901752265762;0.299366925619831;0.3637013510837699;0.3600471407926453;0.29730660269823206;0.29774862174339667;0.36371381388864066;0.3596883477632695;0.300511412411371;0.3004810084938523;0.3654712361679202;0.36216279704093157;0.2987796307422572;0.29814817448031405;0.36557165169427863;0.3615473411146355;0.29848668800185907;0.2988110747853683;0.36365455394292967;0.3600958513228769;0.2970254389370224;0.29653206609491933;0.3636566989127652;0.359901765890124;0.2994250815020001;0.29945670824580883;0.36523015463193476;0.3619419162266757;0.2981550214051314;0.2968383091119997;0.36524956561236444;0.36141866585437166;0.75285104274769;0.5123505843911844;0.8046728023536471;0.5685609604870003;0.7539619805212654;0.5111228008734772;0.8062581715418333;0.5684500602999845;0.7511286941246702;0.5120887641895777;0.8030856153845596;0.5696033240932832;0.5231369039141516;0.2823519000720478;0.5758258506060376;0.3396991334837782;0.7541389236726452;0.5121027203353554;0.8049958584852388;0.568532687433859;0.7523925790593289;0.5109191491720271;0.8054072142560273;0.5682547354696266;0.7509761530204093;0.5119535146864203;0.8042638453307642;0.568999051678551;0.522161754817156;0.2827686829641256;0.5755007799192069;0.3401123182243957;0.5114426524329794;0.5131281940928543;0.5680773240864614;0.5671025182977454;0.5107282474900465;0.5122703406396344;0.5672320354847931;0.5660635074140044;0.5112085040881018;0.5123428529884024;0.5683670413842767;0.5670896654532585;0.2828359452702678;0.2836791937263272;0.3386089835626498;0.33703030143204504;0.5112869895303431;0.5129144728936272;0.5675611109329961;0.5665814436754539;0.5099727752617143
Mean of total Error: 0.47796986060059415
