layers: [6, 7, 5, 3] partial_dataset
Total Error for each data:
0.30024241118282546;0.28032155495466693;0.4203933673980442;0.30129549422442103;0.4179825480013184;0.2948127635633093;0.4142239601541786;0.29019909507410935;0.2847448843529645;0.2809136275600017;0.44551569213906506;0.3208670947245751;0.4510887346618686;0.3183818142280388;0.4624262140828117;0.3216013238710489;0.3397800007749616;0.32823256822096614;0.4141762599025247;0.29935176715884904

Mean of total Error: 0.3493275588115275
