layers: [6, 7, 5, 3] whole_training_data
Total Error for each data:
0.1246470321560027;0.11755696392099546;0.7621338612947614;0.4351151958460351;0.7540039516079579;0.43304326149323424;0.7428397980111933;0.42634430515925736;0.4292771448447158;0.42401513364977916;0.5200394914426782;0.18516970587875126;0.5230038243604778;0.18747105963548016;0.5166051428745241;0.191091322615784;0.188678321943208;0.2003629840137876;0.838341706446364;0.5142692083877819

Mean of total Error: 0.4257004707791385
