layers: [9, 12, 15, 10, 5, 4] partial_dataset
Total Error for each data:
0.5135524207445124;0.786475238645188;0.48642334763659634;0.8142781678173084;0.5151294460514043;0.5362449468643674;0.2419172056013169;0.5915799119709005;0.3000911647542983;0.5559641641903434;0.2795216480970515;0.5947860165794325;0.31715309360825206;0.5456810493242092;0.26541688829677457;0.5919506661066376;0.31160700715964085;0.5423538084199319;0.25634164007994054;0.5919558252473972;0.30703907596728497;0.5342301644001817;0.24113078039718827;0.590284527256658;0.29967470365537086;0.2683468327561226;0.28306689674252594;0.31361566537848884;0.3185909476872477;0.2505781031583677;0.26434926073623766;0.3047796745151268;0.31065387064087935;0.24324958311212852;0.2565537578803877;0.3013665713676149;0.30746262428734206;0.23002810127960116;0.23961743193540974;0.29387128651737815;0.29892172690473195;0.2639908924679397;0.28028385833183755;0.3114116351579198;0.31766677259326626;0.24727287593258096;0.26304742049935514;0.30350742482769333;0.310576080898621;0.2407226312171642;0.2550404775856904;0.29968565928956326;0.30629183629943446;0.2281119215403531;0.23824746463945745;0.2928074698936993;0.29806278599121105;0.8179544965645489;0.5224126946019211;0.8178362180177889;0.5299049165261378;0.8426638165562048;0.5393189292442183;0.8484596073224139;0.5392247523259625;0.8471397210193876;0.5453245831388775;0.8545628265759616;0.5533966895986816;0.618961310046251;0.32255672700622784;0.6585955121709187;0.3574952095725493;0.8298296739135353;0.5323316737138701;0.8286957500674644;0.5349380881787554;0.8481225266098634;0.5418450219669668;0.8479406392988476;0.5456218978478855;0.8518872090548477;0.5465826609035447;0.8656271062225361;0.5597970231106126;0.6180730868099076;0.32200076710691283;0.6554462460975593;0.357932703677565;0.5372784220884707;0.5211505259953464;0.5364722047471568;0.526687116440792;0.5495791807251615;0.5372531573484118;0.5621602451915294;0.5366550648927318;0.557637521205721;0.5435246993321391;0.5677588442474849;0.5493961557975235;0.3212828225274472;0.32327022187564136;0.3639132835527087;0.3579306875073601;0.5424209954749158;0.531310663871699;0.5519871425824201;0.5349935860432319;0.5560744091180961

Mean of total Error: 0.4696707226033844
