layers: [9, 12, 15, 10, 5, 4] whole_dataset
Total Error for each data:
0.5497122243367412;0.6299667173373381;0.29317147657579856;0.845482108438267;0.5592213035462118;0.421833000301302;0.08071134646362055;0.6943053638510223;0.39814800637260195;0.42088977468337163;0.08015722889542432;0.6981239043726943;0.39739388762995453;0.4222820244437506;0.07969788005771616;0.6962504170877867;0.3979171949164746;0.42081801176651157;0.08031705294980251;0.6951025469146441;0.39713640378382886;0.4225793826514034;0.08058628770951959;0.6964268578674759;0.3991816917053784;0.08260399093677206;0.07988536264478596;0.39687088848495744;0.3985874077186762;0.08074022469137443;0.07763594836487409;0.3964438627328626;0.3973690623003422;0.08251470023127949;0.07960657328110798;0.39619326206795835;0.3982825674636882;0.0813713155845216;0.07787293308633514;0.3971678445200846;0.3966225481499249;0.08040289607047557;0.07776550194797249;0.396515487550568;0.39855695353710185;0.08007554409624995;0.0768401723823462;0.39712172981237137;0.3975494499132327;0.08059506625994362;0.0777389535108588;0.3961103927269525;0.3978972660169885;0.08096493551005646;0.07725533275343666;0.39881167335293055;0.39670344778404054;0.6529279120959269;0.41500690354799774;0.42745408446836297;0.22169438764630556;0.6704517203036979;0.4045117270224332;0.4193337773256176;0.206396109269523;0.6723458775973867;0.3957574955639097;0.4259380665188859;0.22930687707531217;0.5660377690348088;0.29314975559528433;0.43092640469895693;0.2209034758514541;0.6695181924475878;0.4237388054466652;0.4245849990111279;0.23073931815883686;0.6709332188736536;0.42025617700236495;0.430105039377775;0.2168261602194268;0.6877556363770579;0.40893320661742827;0.4350688073328737;0.22104083974999256;0.5637310764326294;0.2976106471682227;0.43476897027433203;0.22190234607872128;0.41800767232269076;0.4340400364404169;0.22457845895667727;0.24643901777243915;0.3927947327513608;0.4390749213488171;0.22304679787101112;0.2258409417125935;0.42666797892873654;0.43606951030689134;0.2239401412042641;0.23132404044341381;0.2905278331976243;0.2911675314565554;0.22075232861750305;0.22214767636966126;0.41786838258960435;0.4830774578946354;0.22873590458212778;0.2559254886012483;0.4050137450899909

Mean of total Error: 0.35122528884351384
