layers: [9, 12, 15, 10, 5, 4] whole_training_data
Total Error for each data:
0.6182373872223104;0.6906219261672466;0.8113114427813213;0.4907125295280572;0.6145998166675533;0.7690760669648555;0.8918881588693481;0.5765144646711069;0.7026732110048894;0.7742801714495475;0.8948828271772844;0.5761805154463886;0.7008431010272229;0.7699077807663404;0.8929092952920108;0.5758145044847485;0.7025420552298662;0.7755383935584614;0.895366376419505;0.5768903050361427;0.6994462193807198;0.7709480256606565;0.8927630391799455;0.5763155051940707;0.7010748279537502;0.8923330809924566;0.8917014679276551;0.6997510782959488;0.7021077368352171;0.8907945815377993;0.8900120616246419;0.701261036903928;0.7032258283628732;0.8924489190724838;0.8919555910408441;0.6985162421598621;0.7009358611421916;0.8908522106513197;0.8899046428609285;0.6999296768843539;0.702035586174667;0.8937461001139746;0.8926318574162555;0.6975548263467997;0.6999596561496002;0.891763462246653;0.8909334968049798;0.6992050909433303;0.7015445254184023;0.893502286120301;0.8927631879727813;0.696345038564866;0.6984738302526403;0.891588401554174;0.8908384758380934;0.6977475542103733;0.6999649706588795;0.42994618457352907;0.5516486065498651;0.23121083614878168;0.3564221042436526;0.426240707855726;0.5506474797649745;0.2322723122377326;0.3597345499541551;0.4310653183292499;0.5511256258674497;0.23093572503856707;0.3551985830224429;0.5115332719522159;0.6338877518200885;0.318546113113479;0.44432744471841623;0.4321303449599978;0.5524844430913505;0.23135258803912295;0.35472288794619056;0.42901820562836335;0.5513209913485451;0.2321902156124449;0.3583277283450137;0.4329562198759018;0.5522768530069246;0.23122297138621528;0.35329593856727826;0.5130218598109302;0.6337507080729186;0.31778268539089716;0.4418581865140454;0.5522831685084779;0.55165609925238;0.3563122121343998;0.3580937627088745;0.5513368166276056;0.5506196040368381;0.3591785300631032;0.36118402116185777;0.5522986983422307;0.5517198883153203;0.3555306212956233;0.3572259583332369;0.6330462712544858;0.6325115471981779;0.4420058568947174;0.44412579708026323;0.5531876320688962;0.5527726203816137;0.3548780621083325;0.3574863910031336;0.5524035901157394

Mean of total Error: 0.6056361718353132
