layers: [9, 12, 15, 10, 5, 4] partial_training_data
Total Error for each data:
0.46667322179682724;0.800876516704311;0.5515649130139897;0.7221859073112662;0.45912489048623595;0.6570987049847631;0.40412310924379924;0.5609253435589957;0.296626025287948;0.6525298868496496;0.4057158027996448;0.5663225417860565;0.30523400637976383;0.6538917950161105;0.40571538977955734;0.5708004774609675;0.3094226705847114;0.6546078835184699;0.4044278685125904;0.5599359204375527;0.29657914479996406;0.655708653798396;0.4047171756412197;0.563311570622286;0.29944870975147087;0.40419291835339577;0.4039824124175486;0.30351095426653807;0.3011849745611538;0.40385817905551236;0.4036261761232677;0.30764926064862097;0.3056780070651781;0.4027574954944836;0.4025538982102761;0.2938526146172835;0.28994236185532163;0.4026165145885373;0.40250297139100255;0.2973662556113462;0.29449909414975883;0.40489932083637825;0.40452855846963465;0.30684883467592217;0.30296370734905154;0.40489852544878246;0.40448820194497737;0.3117787322124116;0.30845880116160673;0.40320374242014445;0.4029339871719221;0.2968219541180077;0.2922003787793561;0.4033712227504269;0.4032006733998551;0.3009665146236089;0.29711869502285204;0.7274174796388566;0.48592555246955493;0.6868322424805604;0.43509844285259813;0.7274704850507199;0.48160226614286294;0.6873086824625338;0.4344263448982765;0.7254093703804019;0.49102846202055517;0.6910318472313272;0.43710738237155555;0.5937633139126497;0.35199335727232306;0.5422903814669562;0.2856464118826687;0.7290449938836465;0.48742365976364876;0.685560767939669;0.4348585087154141;0.7202250349224273;0.4801097671935173;0.6861440242208952;0.4334335699943339;0.7255264418557572;0.48926842960076744;0.6900129097734201;0.43591161165445735;0.5972243370867232;0.35057191363309936;0.5430385345857026;0.2878956882694004;0.47723231999000193;0.4843482076946861;0.4345123236340368;0.4354543365421195;0.4790417437705625;0.48611494906675745;0.433403030055295;0.4341500002409635;0.48084728775153485;0.48878315859490096;0.43737605414846614;0.4372027642328479;0.34744436394673395;0.34785093769396414;0.283133443274342;0.282418534665017;0.4757900563846511;0.4779822736787205;0.4333819725810427;0.43421171210885856;0.46956509659058465

Mean of total Error: 0.45924428046540094
