layers;6;7;5;3
0.543105;-0.35096997;1.5731663;0.9668693;-5.4236465;-0.12563346;1.2044054;
0.098787464;-0.021091528;-0.034494188;0.2645169;0.29233357;0.0018534544;0.24631888;
-0.049300276;-0.14853238;2.9629292;-4.322553;0.90221095;-0.45480415;2.4159577;
3.4286451;2.0425298;-0.16610393;0.43941242;0.6834663;-2.4712372;-0.07611654;
3.3055058;1.9842949;0.007775567;0.20814048;0.52497125;-2.1587293;-0.7310284;
-2.156339;-5.5621123;-0.16299732;0.8887933;1.2757418;0.3963893;-1.39488;
0.6434113;0.13897134;0.80485785;-0.14662907;-0.74902743;0.20265111;0.7666069;
;;;
1.1770351;3.3420808;-1.8468825;-2.8423676;-2.4127853;
-1.3980192;-4.2909207;0.8391137;4.98851;3.2671154;
-0.8256104;0.35978827;3.0537517;-2.525329;-1.8804507;
-1.3343946;2.5072656;-5.54299;2.3034387;1.8616451;
7.364831;-2.735744;-2.1589115;-0.6719525;4.1072254;
-0.2865554;-2.6624753;-1.3521942;4.280178;2.5633185;
-0.59238076;-1.0232973;2.735017;0.58343613;-0.41163242;
-0.5295918;0.042581588;-0.53246456;0.96343684;-0.5688932;
;;;
-9.755798;1.9131365;5.4874444;
6.864704;-4.7851105;7.5217557;
3.7173164;10.992373;-3.0198078;
2.7022824;-5.481362;-9.827812;
-5.300964;-2.961358;-4.542579;
0.41445085;0.28447944;0.6486604;
