layers;6;7;5;3
0.3547951;4.5752583;-0.13369253;-2.7557867;0.20152695;0.4687396;0.035120446;
-0.07080426;-0.14491269;-0.10371836;0.1341764;0.10516149;0.04976344;-0.008207551;
2.3237615;0.5140634;0.039098017;2.5444586;-4.140424;-1.6570123;-0.8255138;
0.20054732;-0.26182362;1.8914905;0.06633768;0.25982046;2.9045703;-2.7797763;
0.35896048;-0.35906574;1.9030638;-0.009236104;0.29257885;2.852;-2.6569421;
0.40963313;-1.5496484;-4.9594164;-0.21747373;0.73556954;0.22126973;1.2792466;
-0.9547397;-0.8998703;-0.24541806;-0.28584677;0.21235293;-0.38991117;-0.2775099;
;;;
1.3702775;-1.8206754;0.009031807;-2.3940282;1.6040959;
-0.61019975;2.6211035;-5.1596866;-2.5793657;2.4303827;
1.8156557;5.8891997;0.7227097;-1.3563142;-3.7015002;
2.9517622;0.40077552;4.4320602;-2.360304;-1.6452751;
-1.9894239;1.1226608;0.9898005;4.5127425;-2.9052885;
-1.8731997;-3.875844;0.23415671;2.9615037;2.2412174;
0.09818334;4.9656386;0.7930977;1.3366171;-2.9509113;
-0.5216982;-0.5923961;-0.2475398;0.3055763;0.034654114;
;;;
-2.7325578;4.9185386;-1.5609285;
3.906519;-1.4810421;-11.383056;
-9.100964;1.3400778;1.8458858;
0.06218113;-10.091969;3.097288;
7.510855;4.284136;7.5659213;
-0.6707401;0.5479713;-0.8859664;
