layers;3;3;4
2.6395578;-3.0933182;8.09018;
-7.367411;4.3658104;-3.5234568;
4.070698;-0.71717536;-4.5971804;
0.5328048;0.65434986;-0.1744471;
;;;
1.019301;-13.59299;6.7023644;-7.4090476;
-12.285276;-4.2919383;-5.233236;5.22611;
5.3556156;8.983752;-11.477992;-9.195971;
-0.27892452;-0.41982388;0.7365747;-0.323421;
