layers;3;3;4
-6.016848;3.9991376;-1.9882141;
2.4349918;-3.5795717;5.4042583;
3.592572;0.40696573;-3.7490299;
0.08;-0.09;-0.05;
;;;
-5.6330085;-8.732944;4.556138;1.9541667;
3.9407346;-3.5275843;-2.3660474;-9.042814;
-5.338689;4.9747815;-7.407346;1.521564;
-0.08;0.06;0.09;-0.001;
