layers;3;3;2
;;;
-0.17251683898799697;0.10866161480670566;0.9766680285441749
-0.4635811652317745;-0.7017311498036753;-0.7944169271339718
0.07735261452845488;0.25854881250052575;-0.40425534762276616
0.24373291597162772;0.08265732142137816;0.03592277129573551
sigmoid;
0.47569318868602783;0.8297577909879001
0.22013072983678694;-0.6889681500329361
0.007927054562614444;-0.7266130118513603
-0.016748043121936895;-0.9724842423426112
sigmoid;
